period,sku_id,product_name,category,forecasted_demand,actual_demand,forecast_accuracy_pct,suggested_reorder_qty,actual_order_qty,suggested_supplier_id,actual_supplier_id,suggested_unit_cost_usd,actual_unit_cost_usd,cost_saving_usd,reorder_alert_triggered,rfq_drafted
2026-03,SKU-1000,Wireless Earbuds,Electronics,119,107,88.8,115,121,SUP-115,SUP-109,154.75,153.98,1732.68,Yes,Yes
2026-01,SKU-1000,Wireless Earbuds,Electronics,350,323,91.6,391,319,SUP-111,SUP-106,147.86,159.3,3039.84,Yes,No
2025-12,SKU-1000,Wireless Earbuds,Electronics,309,323,95.7,284,251,SUP-110,SUP-103,159.54,159.97,3317.33,Yes,Yes
2025-12,SKU-1000,Wireless Earbuds,Electronics,226,260,86.9,251,247,SUP-111,SUP-107,155.47,155.4,3725.52,No,No
2025-11,SKU-1000,Wireless Earbuds,Electronics,302,327,92.4,340,348,SUP-111,SUP-111,155.34,164.47,7655.95,No,No
2025-10,SKU-1000,Wireless Earbuds,Electronics,94,95,98.9,94,86,SUP-110,SUP-104,140.49,155.16,1466.45,No,No
2026-03,SKU-1001,USB-C Hub,Electronics,311,333,93.4,370,317,SUP-103,SUP-115,196.28,198.16,2333.53,Yes,No
2026-01,SKU-1001,USB-C Hub,Electronics,92,107,86.0,94,91,SUP-101,SUP-107,210.75,190.92,1348.18,Yes,No
2025-12,SKU-1001,USB-C Hub,Electronics,347,267,70.0,391,426,SUP-101,SUP-111,204.71,223.38,9857.48,No,Yes
2025-12,SKU-1001,USB-C Hub,Electronics,286,304,94.1,285,284,SUP-115,SUP-106,211.69,230.05,4566.3,No,Yes
2025-11,SKU-1001,USB-C Hub,Electronics,165,197,83.8,192,208,SUP-115,SUP-111,193.85,196.26,2124.97,No,No
2025-10,SKU-1001,USB-C Hub,Electronics,194,139,60.4,221,228,SUP-107,SUP-110,215.47,214.23,6520.41,No,No
2026-03,SKU-1002,Mechanical Keyboard,Electronics,67,78,85.9,67,61,SUP-107,SUP-111,130.77,154.3,1369.04,Yes,No
2026-01,SKU-1002,Mechanical Keyboard,Electronics,70,77,90.9,77,64,SUP-104,SUP-113,141.15,146.47,28.47,Yes,No
2025-12,SKU-1002,Mechanical Keyboard,Electronics,118,137,86.1,120,101,SUP-110,SUP-113,146.72,154.92,1675.45,Yes,Yes
2025-12,SKU-1002,Mechanical Keyboard,Electronics,104,102,98.0,100,80,SUP-114,SUP-109,139.0,140.97,209.18,Yes,Yes
2025-11,SKU-1002,Mechanical Keyboard,Electronics,79,94,84.0,89,84,SUP-102,SUP-102,144.33,153.84,1272.99,Yes,Yes
2025-10,SKU-1002,Mechanical Keyboard,Electronics,53,49,91.8,48,47,SUP-102,SUP-105,143.46,131.33,280.84,Yes,No
2026-03,SKU-1003,Gaming Mouse,Electronics,228,265,86.0,264,252,SUP-114,SUP-110,147.62,145.54,2097.41,Yes,No
2026-01,SKU-1003,Gaming Mouse,Electronics,132,142,93.0,129,137,SUP-108,SUP-108,139.8,138.06,2878.96,Yes,Yes
2025-12,SKU-1003,Gaming Mouse,Electronics,391,368,93.8,453,453,SUP-110,SUP-103,134.13,142.96,9176.96,Yes,No
2025-12,SKU-1003,Gaming Mouse,Electronics,216,270,80.0,258,250,SUP-115,SUP-110,127.93,149.58,5451.31,No,No
2025-11,SKU-1003,Gaming Mouse,Electronics,54,69,78.3,51,47,SUP-102,SUP-115,129.4,154.15,673.38,Yes,Yes
2025-10,SKU-1003,Gaming Mouse,Electronics,196,244,80.3,199,187,SUP-115,SUP-102,136.8,132.53,16.23,Yes,Yes
2026-03,SKU-1004,Webcam,Electronics,60,63,95.2,54,45,SUP-113,SUP-107,212.07,228.1,533.95,Yes,No
2026-01,SKU-1004,Webcam,Electronics,273,280,97.5,325,296,SUP-104,SUP-104,219.6,246.21,4835.16,Yes,No
2025-12,SKU-1004,Webcam,Electronics,323,235,62.6,383,405,SUP-106,SUP-101,208.58,222.47,7123.62,Yes,No
2025-12,SKU-1004,Webcam,Electronics,161,140,85.0,147,137,SUP-111,SUP-105,233.41,222.6,2292.05,Yes,No
2025-11,SKU-1004,Webcam,Electronics,399,468,85.3,438,372,SUP-103,SUP-102,204.03,211.26,12127.97,Yes,Yes
2025-10,SKU-1004,Webcam,Electronics,72,77,93.5,70,75,SUP-107,SUP-103,224.09,219.81,458.61,No,No
2026-03,SKU-1005,Monitor Stand,Electronics,139,160,86.9,161,139,SUP-114,SUP-109,135.02,132.97,1539.24,No,No
2026-01,SKU-1005,Monitor Stand,Electronics,229,164,60.4,221,226,SUP-112,SUP-101,140.72,150.87,2351.38,No,No
2025-12,SKU-1005,Monitor Stand,Electronics,226,250,90.4,270,252,SUP-112,SUP-101,138.66,158.04,4398.88,Yes,Yes
2025-12,SKU-1005,Monitor Stand,Electronics,27,24,87.5,24,23,SUP-102,SUP-111,148.67,134.96,194.86,Yes,Yes
2025-11,SKU-1005,Monitor Stand,Electronics,64,82,78.0,70,69,SUP-101,SUP-113,137.12,159.59,99.22,No,No
2025-10,SKU-1005,Monitor Stand,Electronics,227,236,96.2,254,243,SUP-113,SUP-115,133.44,159.37,4781.43,No,No
2026-03,SKU-1006,LED Desk Lamp,Electronics,253,291,86.9,300,290,SUP-109,SUP-113,198.02,186.53,3406.16,No,No
2026-01,SKU-1006,LED Desk Lamp,Electronics,299,365,81.9,354,296,SUP-115,SUP-101,203.29,209.95,448.7,No,Yes
2025-12,SKU-1006,LED Desk Lamp,Electronics,359,432,83.1,369,374,SUP-112,SUP-112,184.57,217.05,4101.91,Yes,No
2025-12,SKU-1006,LED Desk Lamp,Electronics,396,422,93.8,422,345,SUP-102,SUP-105,187.57,202.79,5299.37,Yes,No
2025-11,SKU-1006,LED Desk Lamp,Electronics,66,60,90.0,62,66,SUP-107,SUP-108,188.93,184.9,475.32,No,Yes
2025-10,SKU-1006,LED Desk Lamp,Electronics,33,41,80.5,34,31,SUP-102,SUP-110,178.73,202.86,25.76,Yes,No
2026-03,SKU-1007,Power Bank,Electronics,216,221,97.7,249,242,SUP-107,SUP-109,179.42,197.76,1147.86,Yes,No
2026-01,SKU-1007,Power Bank,Electronics,284,297,95.6,297,304,SUP-113,SUP-111,180.43,191.39,8842.89,No,Yes
2025-12,SKU-1007,Power Bank,Electronics,369,396,93.2,358,291,SUP-105,SUP-115,165.81,199.67,5417.95,Yes,No
2025-12,SKU-1007,Power Bank,Electronics,392,420,93.3,433,420,SUP-101,SUP-111,168.58,175.79,5601.93,No,No
2025-11,SKU-1007,Power Bank,Electronics,211,181,83.4,201,192,SUP-108,SUP-110,176.41,170.39,969.81,No,No
2025-10,SKU-1007,Power Bank,Electronics,115,124,92.7,125,104,SUP-109,SUP-112,181.71,175.39,1842.39,Yes,Yes
2026-03,SKU-1008,Smart Speaker,Electronics,299,381,78.5,351,379,SUP-106,SUP-107,81.72,80.9,1696.87,Yes,Yes
2026-01,SKU-1008,Smart Speaker,Electronics,292,337,86.6,326,351,SUP-103,SUP-115,92.66,86.69,154.32,Yes,No
2025-12,SKU-1008,Smart Speaker,Electronics,321,267,79.8,355,320,SUP-110,SUP-113,89.04,81.33,625.83,No,Yes
2025-12,SKU-1008,Smart Speaker,Electronics,306,344,89.0,309,249,SUP-111,SUP-108,86.69,97.28,175.96,No,No
2025-11,SKU-1008,Smart Speaker,Electronics,28,29,96.6,31,31,SUP-105,SUP-114,83.08,79.56,301.24,No,Yes
2025-10,SKU-1008,Smart Speaker,Electronics,365,451,80.9,418,343,SUP-114,SUP-102,92.22,90.61,4014.71,Yes,No
2026-03,SKU-1009,Laptop Stand,Electronics,317,266,80.8,360,297,SUP-106,SUP-104,41.53,39.63,1437.45,Yes,No
2026-01,SKU-1009,Laptop Stand,Electronics,187,153,77.8,180,153,SUP-110,SUP-115,40.3,42.66,285.32,No,Yes
2025-12,SKU-1009,Laptop Stand,Electronics,141,166,84.9,145,129,SUP-101,SUP-110,40.65,46.56,267.71,No,Yes
2025-12,SKU-1009,Laptop Stand,Electronics,165,209,78.9,187,151,SUP-106,SUP-103,41.96,44.45,53.83,Yes,No
2025-11,SKU-1009,Laptop Stand,Electronics,307,225,63.6,343,287,SUP-108,SUP-101,40.69,40.01,305.4,No,No
2025-10,SKU-1009,Laptop Stand,Electronics,225,179,74.3,211,189,SUP-113,SUP-115,44.37,42.74,1219.44,Yes,No
2026-03,SKU-1010,Ballpoint Pens (Box),Office,250,255,98.0,245,259,SUP-103,SUP-108,79.75,79.43,54.6,No,No
2026-01,SKU-1010,Ballpoint Pens (Box),Office,297,320,92.8,332,307,SUP-106,SUP-113,81.76,84.06,608.66,Yes,Yes
2025-12,SKU-1010,Ballpoint Pens (Box),Office,277,215,71.2,328,351,SUP-102,SUP-113,79.59,87.36,4281.04,Yes,Yes
2025-12,SKU-1010,Ballpoint Pens (Box),Office,41,32,71.9,40,39,SUP-110,SUP-111,81.91,72.13,372.68,No,Yes
2025-11,SKU-1010,Ballpoint Pens (Box),Office,186,227,81.9,171,137,SUP-106,SUP-108,71.34,74.32,629.21,No,Yes
2025-10,SKU-1010,Ballpoint Pens (Box),Office,369,280,68.2,365,385,SUP-109,SUP-110,75.71,80.7,23.61,Yes,Yes
2026-03,SKU-1011,A4 Paper (Ream),Office,275,351,78.3,304,328,SUP-107,SUP-108,225.11,230.36,3156.11,Yes,No
2026-01,SKU-1011,A4 Paper (Ream),Office,96,110,87.3,90,94,SUP-112,SUP-112,200.04,211.15,2548.89,Yes,Yes
2025-12,SKU-1011,A4 Paper (Ream),Office,108,121,89.3,123,102,SUP-103,SUP-104,222.97,200.07,1375.9,No,Yes
2025-12,SKU-1011,A4 Paper (Ream),Office,340,300,86.7,315,287,SUP-101,SUP-115,197.37,205.48,7258.35,Yes,Yes
2025-11,SKU-1011,A4 Paper (Ream),Office,387,399,97.0,388,372,SUP-113,SUP-108,208.15,226.58,4270.84,Yes,Yes
2025-10,SKU-1011,A4 Paper (Ream),Office,199,196,98.5,198,202,SUP-106,SUP-109,215.82,216.41,4301.66,No,Yes
2026-03,SKU-1012,Sticky Notes Pack,Office,186,146,72.6,172,179,SUP-114,SUP-111,155.69,150.05,1488.63,Yes,Yes
2026-01,SKU-1012,Sticky Notes Pack,Office,220,161,63.4,255,258,SUP-102,SUP-111,149.05,139.72,1958.81,Yes,No
2025-12,SKU-1012,Sticky Notes Pack,Office,387,440,88.0,455,453,SUP-103,SUP-114,160.16,148.22,9106.31,No,Yes
2025-12,SKU-1012,Sticky Notes Pack,Office,399,377,94.2,379,314,SUP-107,SUP-113,145.61,165.32,7053.42,Yes,Yes
2025-11,SKU-1012,Sticky Notes Pack,Office,303,312,97.1,294,249,SUP-111,SUP-106,154.73,145.59,2555.15,No,Yes
2025-10,SKU-1012,Sticky Notes Pack,Office,183,189,96.8,181,167,SUP-108,SUP-112,153.33,161.54,476.68,Yes,Yes
2026-03,SKU-1013,Stapler,Office,221,193,85.5,261,253,SUP-105,SUP-114,131.07,149.38,1260.62,No,Yes
2026-01,SKU-1013,Stapler,Office,112,138,81.2,121,127,SUP-110,SUP-108,125.51,142.31,1574.09,Yes,Yes
2025-12,SKU-1013,Stapler,Office,189,160,81.9,221,207,SUP-109,SUP-115,136.47,128.77,2335.66,Yes,Yes
2025-12,SKU-1013,Stapler,Office,316,401,78.8,374,357,SUP-103,SUP-103,126.07,145.38,220.62,Yes,No
2025-11,SKU-1013,Stapler,Office,223,253,88.1,249,203,SUP-104,SUP-103,126.29,126.76,1074.11,Yes,No
2025-10,SKU-1013,Stapler,Office,285,285,100.0,330,307,SUP-111,SUP-104,140.8,146.76,825.67,No,No
2026-03,SKU-1014,File Folders,Office,114,95,80.0,120,129,SUP-113,SUP-114,187.59,191.32,684.5,Yes,Yes
2026-01,SKU-1014,File Folders,Office,28,24,83.3,27,29,SUP-111,SUP-102,184.51,193.78,351.82,Yes,No
2025-12,SKU-1014,File Folders,Office,54,49,89.8,62,67,SUP-114,SUP-112,177.56,196.57,1728.92,Yes,Yes
2025-12,SKU-1014,File Folders,Office,393,497,79.1,442,441,SUP-102,SUP-105,166.98,171.84,1659.0,No,Yes
2025-11,SKU-1014,File Folders,Office,49,52,94.2,46,36,SUP-107,SUP-108,163.67,187.39,512.57,No,Yes
2025-10,SKU-1014,File Folders,Office,94,88,93.2,102,103,SUP-102,SUP-104,165.8,194.22,222.89,Yes,No
2026-03,SKU-1015,Whiteboard Markers,Office,258,297,86.9,243,202,SUP-113,SUP-112,143.01,131.31,2813.27,Yes,Yes
2026-01,SKU-1015,Whiteboard Markers,Office,112,81,61.7,121,97,SUP-103,SUP-112,135.56,150.16,1030.22,Yes,Yes
2025-12,SKU-1015,Whiteboard Markers,Office,121,151,80.1,136,117,SUP-105,SUP-110,132.16,139.26,2089.16,Yes,Yes
2025-12,SKU-1015,Whiteboard Markers,Office,253,275,92.0,278,247,SUP-109,SUP-102,131.2,151.43,4590.22,Yes,No
2025-11,SKU-1015,Whiteboard Markers,Office,31,36,86.1,34,33,SUP-103,SUP-115,135.43,128.09,249.42,Yes,Yes
2025-10,SKU-1015,Whiteboard Markers,Office,325,283,85.2,305,320,SUP-110,SUP-104,143.63,138.85,233.32,No,No
2026-03,SKU-1016,Desk Organizer,Office,53,62,85.5,59,47,SUP-115,SUP-104,130.07,130.94,627.14,No,No
2026-01,SKU-1016,Desk Organizer,Office,28,32,87.5,27,25,SUP-103,SUP-105,119.37,140.89,229.42,No,No
2025-12,SKU-1016,Desk Organizer,Office,218,192,86.5,256,221,SUP-101,SUP-105,134.67,139.61,997.49,Yes,Yes
2025-12,SKU-1016,Desk Organizer,Office,266,334,79.6,273,248,SUP-103,SUP-108,120.18,128.93,4749.19,No,Yes
2025-11,SKU-1016,Desk Organizer,Office,246,278,88.5,292,271,SUP-114,SUP-110,115.94,121.68,4824.18,Yes,Yes
2025-10,SKU-1016,Desk Organizer,Office,195,173,87.3,231,195,SUP-115,SUP-111,128.36,115.69,1187.4,Yes,Yes
2026-03,SKU-1017,Printer Ink Cartridge,Office,147,108,63.9,133,120,SUP-115,SUP-107,237.06,229.75,994.66,Yes,No
2026-01,SKU-1017,Printer Ink Cartridge,Office,236,291,81.1,234,191,SUP-108,SUP-110,227.05,250.45,4293.33,Yes,Yes
2025-12,SKU-1017,Printer Ink Cartridge,Office,146,124,82.3,168,141,SUP-113,SUP-105,219.35,202.95,4823.93,Yes,Yes
2025-12,SKU-1017,Printer Ink Cartridge,Office,283,218,70.2,272,283,SUP-112,SUP-113,217.59,213.79,5577.78,Yes,Yes
2025-11,SKU-1017,Printer Ink Cartridge,Office,270,215,74.4,284,273,SUP-109,SUP-102,231.89,234.8,5395.97,Yes,Yes
2025-10,SKU-1017,Printer Ink Cartridge,Office,388,296,68.9,389,318,SUP-102,SUP-104,221.01,222.32,10224.56,Yes,No
2026-03,SKU-1018,Scissors,Office,384,321,80.4,354,288,SUP-114,SUP-105,69.68,73.68,2411.7,Yes,Yes
2026-01,SKU-1018,Scissors,Office,225,181,75.7,250,201,SUP-110,SUP-107,67.6,73.7,1096.34,Yes,No
2025-12,SKU-1018,Scissors,Office,238,267,89.1,256,242,SUP-104,SUP-102,71.99,70.64,0.67,Yes,No
2025-12,SKU-1018,Scissors,Office,100,119,84.0,117,109,SUP-105,SUP-114,70.56,71.57,222.76,Yes,No
2025-11,SKU-1018,Scissors,Office,319,235,64.3,310,260,SUP-114,SUP-108,65.72,66.39,2205.91,Yes,No
2025-10,SKU-1018,Scissors,Office,71,62,85.5,70,68,SUP-113,SUP-102,74.69,66.28,323.43,No,No
2026-03,SKU-1019,Tape Dispenser,Office,83,103,80.6,75,76,SUP-105,SUP-110,204.41,231.71,1179.01,No,No
2026-01,SKU-1019,Tape Dispenser,Office,313,219,57.1,305,335,SUP-102,SUP-106,223.41,198.19,4518.0,No,Yes
2025-12,SKU-1019,Tape Dispenser,Office,321,282,86.2,368,385,SUP-115,SUP-115,209.92,224.23,137.36,No,Yes
2025-12,SKU-1019,Tape Dispenser,Office,351,259,64.5,364,339,SUP-102,SUP-114,210.6,224.08,2936.03,Yes,No
2025-11,SKU-1019,Tape Dispenser,Office,215,273,78.8,203,191,SUP-101,SUP-108,212.86,208.53,5071.29,Yes,No
2025-10,SKU-1019,Tape Dispenser,Office,243,196,76.0,272,296,SUP-111,SUP-110,216.85,223.15,902.37,No,No
2026-03,SKU-1020,Men T-Shirt,Clothing,27,19,57.9,30,26,SUP-115,SUP-107,203.75,217.08,699.66,Yes,No
2026-01,SKU-1020,Men T-Shirt,Clothing,46,46,100.0,52,50,SUP-103,SUP-102,180.01,179.52,1316.12,No,Yes
2025-12,SKU-1020,Men T-Shirt,Clothing,342,404,84.7,372,308,SUP-115,SUP-115,206.51,216.58,1934.38,Yes,No
2025-12,SKU-1020,Men T-Shirt,Clothing,370,414,89.4,401,382,SUP-109,SUP-115,208.28,201.61,1184.76,Yes,Yes
2025-11,SKU-1020,Men T-Shirt,Clothing,247,315,78.4,276,265,SUP-111,SUP-110,207.39,215.91,4075.83,Yes,No
2025-10,SKU-1020,Men T-Shirt,Clothing,153,135,86.7,144,147,SUP-108,SUP-115,204.85,198.99,1207.07,Yes,No
2026-03,SKU-1021,Women Jeans,Clothing,279,257,91.4,329,316,SUP-101,SUP-113,105.27,118.11,3396.57,Yes,No
2026-01,SKU-1021,Women Jeans,Clothing,361,272,67.3,416,437,SUP-107,SUP-110,106.37,119.48,7342.16,No,Yes
2025-12,SKU-1021,Women Jeans,Clothing,100,100,100.0,104,108,SUP-105,SUP-113,107.85,121.33,879.43,No,Yes
2025-12,SKU-1021,Women Jeans,Clothing,257,291,88.3,261,282,SUP-111,SUP-115,120.48,121.18,4954.28,Yes,No
2025-11,SKU-1021,Women Jeans,Clothing,137,154,89.0,133,137,SUP-113,SUP-110,112.63,113.54,2422.08,No,Yes
2025-10,SKU-1021,Women Jeans,Clothing,110,109,99.1,121,126,SUP-109,SUP-109,108.94,122.62,1505.2,Yes,No
2026-03,SKU-1022,Hoodie,Clothing,113,98,84.7,103,101,SUP-107,SUP-112,41.81,44.95,417.64,No,Yes
2026-01,SKU-1022,Hoodie,Clothing,388,333,83.5,420,339,SUP-108,SUP-109,39.64,38.14,2221.46,No,No
2025-12,SKU-1022,Hoodie,Clothing,72,67,92.5,68,73,SUP-110,SUP-113,39.18,43.14,350.79,No,Yes
2025-12,SKU-1022,Hoodie,Clothing,20,20,100.0,21,21,SUP-104,SUP-105,41.11,42.28,69.36,No,Yes
2025-11,SKU-1022,Hoodie,Clothing,243,190,72.1,237,223,SUP-113,SUP-109,40.52,42.66,850.26,No,Yes
2025-10,SKU-1022,Hoodie,Clothing,65,57,86.0,62,65,SUP-110,SUP-115,42.59,43.98,276.78,No,Yes
2026-03,SKU-1023,Running Shoes,Clothing,124,139,89.2,115,99,SUP-112,SUP-107,166.38,155.26,47.67,Yes,No
2026-01,SKU-1023,Running Shoes,Clothing,184,190,96.8,170,152,SUP-114,SUP-112,144.26,149.3,360.68,Yes,No
2025-12,SKU-1023,Running Shoes,Clothing,273,214,72.4,255,211,SUP-106,SUP-111,144.5,150.24,3803.57,Yes,No
2025-12,SKU-1023,Running Shoes,Clothing,225,271,83.0,234,239,SUP-115,SUP-115,167.32,145.91,2934.72,No,No
2025-11,SKU-1023,Running Shoes,Clothing,324,331,97.9,364,360,SUP-109,SUP-109,167.96,168.37,1220.59,Yes,Yes
2025-10,SKU-1023,Running Shoes,Clothing,69,59,83.1,71,65,SUP-114,SUP-102,163.67,172.09,622.17,Yes,No
2026-03,SKU-1024,Baseball Cap,Clothing,155,159,97.5,168,161,SUP-113,SUP-115,77.05,90.74,1266.92,No,No
2026-01,SKU-1024,Baseball Cap,Clothing,179,225,79.6,181,161,SUP-115,SUP-114,74.98,79.71,1549.18,Yes,Yes
2025-12,SKU-1024,Baseball Cap,Clothing,76,58,69.0,71,69,SUP-103,SUP-101,84.81,87.37,4.78,Yes,No
2025-12,SKU-1024,Baseball Cap,Clothing,375,272,62.1,350,329,SUP-107,SUP-111,83.29,77.75,1731.14,No,No
2025-11,SKU-1024,Baseball Cap,Clothing,126,120,95.0,122,133,SUP-111,SUP-103,75.11,83.87,1164.68,No,Yes
2025-10,SKU-1024,Baseball Cap,Clothing,214,212,99.1,195,190,SUP-111,SUP-110,77.73,76.17,1162.21,No,No
2026-03,SKU-1025,Socks (Pack-6),Clothing,111,80,61.2,130,142,SUP-111,SUP-114,141.74,163.93,469.02,No,No
2026-01,SKU-1025,Socks (Pack-6),Clothing,240,239,99.6,219,227,SUP-105,SUP-103,135.54,160.35,3733.02,Yes,No
2025-12,SKU-1025,Socks (Pack-6),Clothing,270,311,86.8,270,288,SUP-110,SUP-108,153.87,145.02,4679.88,Yes,Yes
2025-12,SKU-1025,Socks (Pack-6),Clothing,279,330,84.5,253,212,SUP-114,SUP-113,144.02,160.62,627.78,Yes,Yes
2025-11,SKU-1025,Socks (Pack-6),Clothing,234,211,89.1,230,191,SUP-111,SUP-106,149.6,146.24,340.17,Yes,No
2025-10,SKU-1025,Socks (Pack-6),Clothing,102,123,82.9,95,80,SUP-103,SUP-113,154.25,148.82,226.46,No,No
2026-03,SKU-1026,Polo Shirt,Clothing,179,168,93.5,202,198,SUP-107,SUP-101,145.76,149.1,1454.73,Yes,Yes
2026-01,SKU-1026,Polo Shirt,Clothing,210,261,80.5,242,252,SUP-105,SUP-109,163.27,164.68,42.18,Yes,Yes
2025-12,SKU-1026,Polo Shirt,Clothing,75,73,97.3,79,72,SUP-112,SUP-108,168.19,147.45,228.03,Yes,No
2025-12,SKU-1026,Polo Shirt,Clothing,247,310,79.7,288,310,SUP-105,SUP-108,146.55,167.33,1624.63,Yes,No
2025-11,SKU-1026,Polo Shirt,Clothing,58,45,71.1,54,45,SUP-104,SUP-109,149.49,167.91,131.29,Yes,Yes
2025-10,SKU-1026,Polo Shirt,Clothing,240,217,89.4,258,236,SUP-113,SUP-109,144.35,161.8,156.77,No,Yes
2026-03,SKU-1027,Winter Jacket,Clothing,208,268,77.6,246,209,SUP-103,SUP-102,187.21,194.72,4737.26,Yes,No
2026-01,SKU-1027,Winter Jacket,Clothing,205,241,85.1,244,214,SUP-101,SUP-111,195.26,177.39,2194.34,Yes,No
2025-12,SKU-1027,Winter Jacket,Clothing,193,220,87.7,224,236,SUP-102,SUP-102,171.5,174.99,455.47,Yes,No
2025-12,SKU-1027,Winter Jacket,Clothing,295,315,93.7,330,360,SUP-111,SUP-110,189.03,206.09,5839.95,Yes,Yes
2025-11,SKU-1027,Winter Jacket,Clothing,144,158,91.1,157,157,SUP-103,SUP-108,172.38,174.91,776.21,No,No
2025-10,SKU-1027,Winter Jacket,Clothing,370,296,75.0,341,321,SUP-112,SUP-101,186.71,169.76,1452.5,No,No
2026-03,SKU-1028,Denim Shorts,Clothing,146,174,83.9,142,144,SUP-104,SUP-101,107.71,124.42,54.16,Yes,Yes
2026-01,SKU-1028,Denim Shorts,Clothing,156,167,93.4,151,159,SUP-115,SUP-105,101.04,121.18,386.95,No,Yes
2025-12,SKU-1028,Denim Shorts,Clothing,283,209,64.6,328,305,SUP-109,SUP-105,109.98,102.42,3120.53,Yes,No
2025-12,SKU-1028,Denim Shorts,Clothing,150,127,81.9,165,149,SUP-105,SUP-107,101.78,113.44,478.67,Yes,Yes
2025-11,SKU-1028,Denim Shorts,Clothing,263,279,94.3,253,255,SUP-109,SUP-102,101.1,117.11,1108.66,No,No
2025-10,SKU-1028,Denim Shorts,Clothing,143,155,92.3,133,127,SUP-109,SUP-109,112.59,121.56,598.05,No,No
2026-03,SKU-1029,Sport Leggings,Clothing,320,325,98.5,362,385,SUP-113,SUP-112,47.35,45.91,42.82,Yes,Yes
2026-01,SKU-1029,Sport Leggings,Clothing,265,202,68.8,305,306,SUP-105,SUP-107,44.58,50.99,319.47,No,No
2025-12,SKU-1029,Sport Leggings,Clothing,383,326,82.5,375,401,SUP-114,SUP-109,47.73,48.79,2537.21,Yes,Yes
2025-12,SKU-1029,Sport Leggings,Clothing,310,364,85.2,293,244,SUP-111,SUP-111,46.98,43.13,147.6,Yes,Yes
2025-11,SKU-1029,Sport Leggings,Clothing,108,109,99.1,113,92,SUP-110,SUP-109,49.81,44.51,611.03,Yes,Yes
2025-10,SKU-1029,Sport Leggings,Clothing,114,95,80.0,133,107,SUP-112,SUP-109,45.74,47.2,715.92,Yes,No
2026-03,SKU-1030,Coffee Maker,Home & Kitchen,386,359,92.5,348,287,SUP-105,SUP-104,209.34,233.25,7075.37,No,Yes
2026-01,SKU-1030,Coffee Maker,Home & Kitchen,303,264,85.2,301,262,SUP-102,SUP-110,214.11,198.61,4698.85,Yes,Yes
2025-12,SKU-1030,Coffee Maker,Home & Kitchen,119,105,86.7,121,132,SUP-106,SUP-114,219.86,200.93,4558.68,No,Yes
2025-12,SKU-1030,Coffee Maker,Home & Kitchen,254,305,83.3,259,221,SUP-106,SUP-114,224.69,240.02,363.89,No,No
2025-11,SKU-1030,Coffee Maker,Home & Kitchen,244,292,83.6,243,260,SUP-101,SUP-107,211.42,237.87,5497.99,Yes,Yes
2025-10,SKU-1030,Coffee Maker,Home & Kitchen,57,40,57.5,62,66,SUP-105,SUP-114,199.42,200.59,364.38,Yes,No
2026-03,SKU-1031,Blender,Home & Kitchen,20,23,87.0,21,17,SUP-110,SUP-114,229.14,224.49,134.54,Yes,Yes
2026-01,SKU-1031,Blender,Home & Kitchen,287,306,93.8,289,279,SUP-104,SUP-107,211.66,206.44,4327.69,Yes,No
2025-12,SKU-1031,Blender,Home & Kitchen,101,94,92.6,104,83,SUP-104,SUP-109,212.14,222.82,295.26,No,Yes
2025-12,SKU-1031,Blender,Home & Kitchen,261,265,98.5,288,285,SUP-113,SUP-110,199.59,198.48,1953.98,Yes,Yes
2025-11,SKU-1031,Blender,Home & Kitchen,205,199,97.0,189,176,SUP-107,SUP-101,221.17,208.04,5984.23,Yes,Yes
2025-10,SKU-1031,Blender,Home & Kitchen,240,294,81.6,271,245,SUP-114,SUP-111,215.22,222.99,1084.77,Yes,Yes
2026-03,SKU-1032,Non-stick Pan,Home & Kitchen,174,223,78.0,185,148,SUP-115,SUP-110,204.54,198.34,4650.51,Yes,No
2026-01,SKU-1032,Non-stick Pan,Home & Kitchen,191,192,99.5,227,189,SUP-108,SUP-108,201.9,196.13,1614.46,Yes,No
2025-12,SKU-1032,Non-stick Pan,Home & Kitchen,217,230,94.3,246,203,SUP-111,SUP-113,220.34,216.97,4951.23,No,No
2025-12,SKU-1032,Non-stick Pan,Home & Kitchen,90,86,95.3,85,71,SUP-108,SUP-106,209.41,195.41,2277.78,No,No
2025-11,SKU-1032,Non-stick Pan,Home & Kitchen,389,443,87.8,381,319,SUP-114,SUP-109,203.8,205.32,5555.82,Yes,No
2025-10,SKU-1032,Non-stick Pan,Home & Kitchen,242,282,85.8,226,238,SUP-103,SUP-103,220.67,208.64,1367.16,No,Yes
2026-03,SKU-1033,Cutting Board,Home & Kitchen,395,288,62.8,430,372,SUP-112,SUP-115,157.91,158.56,9259.58,Yes,Yes
2026-01,SKU-1033,Cutting Board,Home & Kitchen,89,77,84.4,103,113,SUP-109,SUP-103,173.09,170.33,334.31,Yes,Yes
2025-12,SKU-1033,Cutting Board,Home & Kitchen,49,36,63.9,51,55,SUP-114,SUP-109,153.72,173.06,408.94,Yes,Yes
2025-12,SKU-1033,Cutting Board,Home & Kitchen,89,115,77.4,82,88,SUP-109,SUP-115,173.39,175.99,2298.19,Yes,Yes
2025-11,SKU-1033,Cutting Board,Home & Kitchen,199,251,79.3,217,222,SUP-101,SUP-102,151.97,161.95,5828.18,Yes,No
2025-10,SKU-1033,Cutting Board,Home & Kitchen,75,96,78.1,82,73,SUP-107,SUP-102,168.57,150.45,1222.57,Yes,Yes
2026-03,SKU-1034,Kitchen Knife Set,Home & Kitchen,311,243,72.0,283,265,SUP-113,SUP-107,137.35,144.23,5787.07,Yes,No
2026-01,SKU-1034,Kitchen Knife Set,Home & Kitchen,378,452,83.6,414,440,SUP-110,SUP-113,131.17,145.13,2904.38,Yes,Yes
2025-12,SKU-1034,Kitchen Knife Set,Home & Kitchen,310,314,98.7,317,306,SUP-104,SUP-114,143.13,134.4,2717.71,Yes,No
2025-12,SKU-1034,Kitchen Knife Set,Home & Kitchen,79,74,93.2,88,95,SUP-113,SUP-112,135.61,128.45,1096.01,Yes,Yes
2025-11,SKU-1034,Kitchen Knife Set,Home & Kitchen,129,160,80.6,144,118,SUP-105,SUP-106,125.32,134.61,1135.24,No,No
2025-10,SKU-1034,Kitchen Knife Set,Home & Kitchen,133,147,90.5,122,130,SUP-104,SUP-115,141.51,145.63,1603.29,No,Yes
2026-03,SKU-1035,Food Storage Containers,Home & Kitchen,192,234,82.1,181,173,SUP-107,SUP-114,113.55,122.24,3178.61,Yes,No
2026-01,SKU-1035,Food Storage Containers,Home & Kitchen,119,125,95.2,114,115,SUP-105,SUP-115,114.06,122.15,1769.29,Yes,Yes
2025-12,SKU-1035,Food Storage Containers,Home & Kitchen,182,214,85.0,184,201,SUP-115,SUP-111,126.86,115.93,326.61,No,Yes
2025-12,SKU-1035,Food Storage Containers,Home & Kitchen,189,170,88.8,195,181,SUP-105,SUP-112,109.29,117.51,1315.34,Yes,Yes
2025-11,SKU-1035,Food Storage Containers,Home & Kitchen,206,262,78.6,195,189,SUP-112,SUP-114,108.52,109.2,227.93,Yes,Yes
2025-10,SKU-1035,Food Storage Containers,Home & Kitchen,41,40,97.5,45,45,SUP-111,SUP-110,110.28,114.29,42.12,Yes,No
2026-03,SKU-1036,Electric Kettle,Home & Kitchen,279,352,79.3,259,283,SUP-101,SUP-103,18.21,18.41,49.49,No,No
2026-01,SKU-1036,Electric Kettle,Home & Kitchen,47,52,90.4,44,43,SUP-107,SUP-112,19.1,20.94,89.45,Yes,Yes
2025-12,SKU-1036,Electric Kettle,Home & Kitchen,369,297,75.8,332,273,SUP-103,SUP-103,18.54,18.48,170.92,No,No
2025-12,SKU-1036,Electric Kettle,Home & Kitchen,50,35,57.1,57,58,SUP-112,SUP-115,17.37,18.51,116.76,No,Yes
2025-11,SKU-1036,Electric Kettle,Home & Kitchen,197,252,78.2,215,216,SUP-105,SUP-108,19.14,19.71,635.11,Yes,Yes
2025-10,SKU-1036,Electric Kettle,Home & Kitchen,272,206,68.0,280,240,SUP-103,SUP-108,19.02,17.41,471.03,No,No
2026-03,SKU-1037,Air Fryer,Home & Kitchen,349,250,60.4,338,346,SUP-102,SUP-101,132.97,145.01,345.34,No,Yes
2026-01,SKU-1037,Air Fryer,Home & Kitchen,175,203,86.2,158,159,SUP-110,SUP-102,132.81,143.62,232.09,Yes,No
2025-12,SKU-1037,Air Fryer,Home & Kitchen,43,43,100.0,47,48,SUP-102,SUP-102,145.46,152.32,101.36,Yes,No
2025-12,SKU-1037,Air Fryer,Home & Kitchen,335,358,93.6,319,307,SUP-106,SUP-113,150.31,161.15,2257.99,Yes,Yes
2025-11,SKU-1037,Air Fryer,Home & Kitchen,43,39,89.7,39,31,SUP-108,SUP-110,154.78,133.15,712.23,No,No
2025-10,SKU-1037,Air Fryer,Home & Kitchen,300,220,63.6,319,323,SUP-108,SUP-105,133.78,154.47,5738.11,Yes,No
2026-03,SKU-1038,Mixing Bowls Set,Home & Kitchen,375,415,90.4,418,454,SUP-111,SUP-104,94.55,91.74,2883.27,Yes,Yes
2026-01,SKU-1038,Mixing Bowls Set,Home & Kitchen,30,21,57.1,31,28,SUP-114,SUP-114,88.28,92.53,331.94,No,No
2025-12,SKU-1038,Mixing Bowls Set,Home & Kitchen,25,18,61.1,24,21,SUP-105,SUP-103,99.53,89.61,284.67,No,No
2025-12,SKU-1038,Mixing Bowls Set,Home & Kitchen,114,119,95.8,124,123,SUP-110,SUP-112,97.71,90.32,1451.89,Yes,Yes
2025-11,SKU-1038,Mixing Bowls Set,Home & Kitchen,55,39,59.0,62,60,SUP-111,SUP-115,99.43,102.86,867.34,Yes,Yes
2025-10,SKU-1038,Mixing Bowls Set,Home & Kitchen,346,400,86.5,367,394,SUP-109,SUP-105,89.58,88.96,580.23,Yes,No
2026-03,SKU-1039,Dish Rack,Home & Kitchen,221,213,96.2,251,247,SUP-101,SUP-105,245.73,228.87,228.65,Yes,No
2026-01,SKU-1039,Dish Rack,Home & Kitchen,308,318,96.9,367,343,SUP-114,SUP-110,244.39,216.55,5221.49,No,No
2025-12,SKU-1039,Dish Rack,Home & Kitchen,179,143,74.8,163,177,SUP-104,SUP-107,237.29,256.21,1343.06,No,Yes
2025-12,SKU-1039,Dish Rack,Home & Kitchen,254,234,91.5,268,220,SUP-108,SUP-108,245.49,246.86,7198.57,Yes,Yes
2025-11,SKU-1039,Dish Rack,Home & Kitchen,66,77,85.7,76,65,SUP-113,SUP-109,212.4,221.61,729.08,Yes,Yes
2025-10,SKU-1039,Dish Rack,Home & Kitchen,351,413,85.0,392,333,SUP-106,SUP-115,246.25,251.39,5956.55,Yes,Yes
2026-03,SKU-1040,Face Moisturizer,Beauty,371,341,91.2,344,286,SUP-102,SUP-109,81.96,85.69,2564.47,No,Yes
2026-01,SKU-1040,Face Moisturizer,Beauty,393,413,95.2,390,399,SUP-112,SUP-108,78.35,88.47,3312.97,No,Yes
2025-12,SKU-1040,Face Moisturizer,Beauty,382,278,62.6,457,412,SUP-104,SUP-108,83.28,90.57,2191.75,Yes,Yes
2025-12,SKU-1040,Face Moisturizer,Beauty,300,386,77.7,324,274,SUP-115,SUP-110,82.54,79.19,1806.49,Yes,No
2025-11,SKU-1040,Face Moisturizer,Beauty,47,51,92.2,56,47,SUP-112,SUP-113,82.5,76.12,519.07,Yes,No
2025-10,SKU-1040,Face Moisturizer,Beauty,294,228,71.1,346,378,SUP-103,SUP-111,88.8,77.16,4626.18,Yes,No
2026-03,SKU-1041,Shampoo 500ml,Beauty,162,177,91.5,181,195,SUP-114,SUP-109,170.23,152.72,134.87,Yes,Yes
2026-01,SKU-1041,Shampoo 500ml,Beauty,378,266,57.9,354,349,SUP-101,SUP-103,151.34,157.74,8792.12,No,Yes
2025-12,SKU-1041,Shampoo 500ml,Beauty,132,159,83.0,123,114,SUP-106,SUP-114,175.07,174.99,2713.01,Yes,Yes
2025-12,SKU-1041,Shampoo 500ml,Beauty,41,50,82.0,46,43,SUP-107,SUP-106,173.9,164.79,689.39,Yes,Yes
2025-11,SKU-1041,Shampoo 500ml,Beauty,196,221,88.7,211,227,SUP-108,SUP-108,162.58,164.46,2502.65,No,Yes
2025-10,SKU-1041,Shampoo 500ml,Beauty,87,100,87.0,96,95,SUP-110,SUP-102,161.41,181.64,792.16,No,Yes
2026-03,SKU-1042,Conditioner 500ml,Beauty,260,228,86.0,301,244,SUP-103,SUP-110,27.94,27.76,935.71,Yes,No
2026-01,SKU-1042,Conditioner 500ml,Beauty,146,175,83.4,163,170,SUP-102,SUP-110,26.36,25.62,320.17,Yes,Yes
2025-12,SKU-1042,Conditioner 500ml,Beauty,234,232,99.1,245,222,SUP-109,SUP-115,26.28,29.56,153.29,Yes,No
2025-12,SKU-1042,Conditioner 500ml,Beauty,40,37,91.9,44,47,SUP-102,SUP-110,26.91,26.96,130.64,Yes,No
2025-11,SKU-1042,Conditioner 500ml,Beauty,150,132,86.4,136,148,SUP-107,SUP-104,27.66,28.19,522.94,Yes,No
2025-10,SKU-1042,Conditioner 500ml,Beauty,196,138,58.0,214,195,SUP-108,SUP-104,25.24,25.66,734.76,Yes,Yes
2026-03,SKU-1043,Sunscreen SPF50,Beauty,171,219,78.1,167,172,SUP-111,SUP-103,150.74,152.24,232.89,No,No
2026-01,SKU-1043,Sunscreen SPF50,Beauty,156,172,90.7,145,138,SUP-109,SUP-111,149.98,130.89,837.13,No,Yes
2025-12,SKU-1043,Sunscreen SPF50,Beauty,398,427,93.2,406,402,SUP-112,SUP-105,150.46,151.4,3146.46,No,No
2025-12,SKU-1043,Sunscreen SPF50,Beauty,154,128,79.7,164,170,SUP-115,SUP-103,146.18,159.06,2794.62,Yes,Yes
2025-11,SKU-1043,Sunscreen SPF50,Beauty,207,227,91.2,208,181,SUP-104,SUP-105,151.42,158.66,3998.66,No,Yes
2025-10,SKU-1043,Sunscreen SPF50,Beauty,59,44,65.9,67,70,SUP-109,SUP-108,138.98,141.1,450.56,Yes,No
2026-03,SKU-1044,Lip Balm,Beauty,392,366,92.9,433,434,SUP-108,SUP-106,219.73,210.86,4248.03,No,No
2026-01,SKU-1044,Lip Balm,Beauty,389,452,86.1,455,450,SUP-104,SUP-106,225.54,212.45,6665.74,Yes,No
2025-12,SKU-1044,Lip Balm,Beauty,217,273,79.5,234,222,SUP-113,SUP-102,207.31,233.73,6593.19,Yes,No
2025-12,SKU-1044,Lip Balm,Beauty,166,153,91.5,176,188,SUP-110,SUP-106,224.12,235.13,530.1,Yes,Yes
2025-11,SKU-1044,Lip Balm,Beauty,194,157,76.4,197,166,SUP-113,SUP-106,212.23,210.66,879.09,Yes,Yes
2025-10,SKU-1044,Lip Balm,Beauty,142,100,58.0,164,144,SUP-104,SUP-106,219.08,219.34,4314.9,Yes,No
2026-03,SKU-1045,Hand Cream,Beauty,82,103,79.6,80,87,SUP-105,SUP-111,180.34,172.1,523.81,Yes,No
2026-01,SKU-1045,Hand Cream,Beauty,79,69,85.5,78,69,SUP-112,SUP-113,166.16,186.47,1562.67,Yes,Yes
2025-12,SKU-1045,Hand Cream,Beauty,73,93,78.5,80,64,SUP-109,SUP-111,184.46,169.26,111.22,Yes,Yes
2025-12,SKU-1045,Hand Cream,Beauty,92,115,80.0,84,85,SUP-108,SUP-102,191.14,186.1,1682.36,Yes,No
2025-11,SKU-1045,Hand Cream,Beauty,356,308,84.4,416,386,SUP-115,SUP-109,187.69,174.59,1746.82,No,No
2025-10,SKU-1045,Hand Cream,Beauty,44,33,66.7,42,45,SUP-114,SUP-111,191.65,190.73,403.08,Yes,No
2026-03,SKU-1046,Body Lotion,Beauty,399,475,84.0,385,359,SUP-108,SUP-103,29.11,28.91,1131.54,Yes,Yes
2026-01,SKU-1046,Body Lotion,Beauty,259,181,56.9,254,207,SUP-114,SUP-101,30.73,30.33,620.41,Yes,No
2025-12,SKU-1046,Body Lotion,Beauty,294,216,63.9,346,314,SUP-111,SUP-109,29.49,26.7,1426.81,Yes,No
2025-12,SKU-1046,Body Lotion,Beauty,369,297,75.8,346,308,SUP-106,SUP-108,29.51,32.29,1263.71,Yes,No
2025-11,SKU-1046,Body Lotion,Beauty,136,174,78.2,150,125,SUP-115,SUP-104,29.98,29.71,217.05,Yes,No
2025-10,SKU-1046,Body Lotion,Beauty,104,129,80.6,99,85,SUP-110,SUP-106,28.05,27.38,88.94,Yes,Yes
2026-03,SKU-1047,Eye Cream,Beauty,327,355,92.1,350,346,SUP-108,SUP-113,30.96,30.57,1135.06,No,No
2026-01,SKU-1047,Eye Cream,Beauty,357,396,90.2,418,353,SUP-103,SUP-111,33.3,35.36,1429.18,No,Yes
2025-12,SKU-1047,Eye Cream,Beauty,287,304,94.4,273,241,SUP-114,SUP-108,33.29,35.46,275.48,Yes,No
2025-12,SKU-1047,Eye Cream,Beauty,135,104,70.2,138,114,SUP-106,SUP-101,32.13,30.31,567.74,Yes,Yes
2025-11,SKU-1047,Eye Cream,Beauty,281,228,76.8,304,315,SUP-102,SUP-113,32.32,30.78,241.59,Yes,Yes
2025-10,SKU-1047,Eye Cream,Beauty,70,49,57.1,65,59,SUP-106,SUP-111,34.1,35.42,137.91,No,Yes
2026-03,SKU-1048,Toner,Beauty,381,287,67.2,441,440,SUP-114,SUP-111,153.65,166.46,8176.05,Yes,No
2026-01,SKU-1048,Toner,Beauty,264,216,77.8,272,239,SUP-103,SUP-104,167.38,175.08,107.42,Yes,Yes
2025-12,SKU-1048,Toner,Beauty,102,127,80.3,107,105,SUP-113,SUP-110,150.06,176.19,1729.07,No,Yes
2025-12,SKU-1048,Toner,Beauty,387,460,84.1,463,458,SUP-103,SUP-103,161.2,154.58,10874.76,Yes,No
2025-11,SKU-1048,Toner,Beauty,128,118,91.5,117,107,SUP-114,SUP-115,158.71,166.95,365.14,Yes,Yes
2025-10,SKU-1048,Toner,Beauty,351,269,69.5,321,295,SUP-113,SUP-108,149.65,170.5,7382.23,No,No
2026-03,SKU-1049,Serum 30ml,Beauty,137,166,82.5,162,167,SUP-111,SUP-109,219.37,208.17,2079.31,Yes,No
2026-01,SKU-1049,Serum 30ml,Beauty,109,102,93.1,99,102,SUP-111,SUP-107,215.91,247.95,1966.48,Yes,No
2025-12,SKU-1049,Serum 30ml,Beauty,52,46,87.0,51,48,SUP-106,SUP-106,216.72,211.06,1451.4,No,Yes
2025-12,SKU-1049,Serum 30ml,Beauty,208,156,66.7,248,218,SUP-102,SUP-110,235.58,240.38,5349.06,Yes,Yes
2025-11,SKU-1049,Serum 30ml,Beauty,311,391,79.5,288,292,SUP-110,SUP-104,229.15,229.52,5382.26,Yes,Yes
2025-10,SKU-1049,Serum 30ml,Beauty,264,312,84.6,301,242,SUP-103,SUP-107,243.27,240.06,8231.65,No,No
