snapshot_date,sku_id,product_name,category,stock_on_hand,stock_on_order,reorder_point,safety_stock,max_stock,days_of_supply,inventory_value_usd,below_reorder_point
2026-03-04,SKU-1000,Wireless Earbuds,Electronics,130,130,45,12,428,65.0,20944.3,No
2026-02-04,SKU-1000,Wireless Earbuds,Electronics,233,4,45,12,428,233.0,37538.63,No
2026-01-07,SKU-1000,Wireless Earbuds,Electronics,194,107,45,12,428,27.7,31255.34,No
2025-12-10,SKU-1000,Wireless Earbuds,Electronics,51,90,45,12,428,8.5,8216.61,No
2025-11-12,SKU-1000,Wireless Earbuds,Electronics,158,16,45,12,428,22.6,25455.38,No
2025-10-15,SKU-1000,Wireless Earbuds,Electronics,333,76,45,12,428,83.2,53649.63,No
2025-09-17,SKU-1000,Wireless Earbuds,Electronics,359,21,45,12,428,32.6,57838.49,No
2025-08-20,SKU-1000,Wireless Earbuds,Electronics,329,99,45,12,428,21.9,53005.19,No
2025-07-23,SKU-1000,Wireless Earbuds,Electronics,241,4,45,12,428,48.2,38827.51,No
2025-06-25,SKU-1000,Wireless Earbuds,Electronics,373,82,45,12,428,373.0,60094.03,No
2025-05-28,SKU-1000,Wireless Earbuds,Electronics,72,63,45,12,428,24.0,11599.92,No
2025-04-30,SKU-1000,Wireless Earbuds,Electronics,289,2,45,12,428,96.3,46560.79,No
2025-04-02,SKU-1000,Wireless Earbuds,Electronics,265,39,45,12,428,88.3,42694.15,No
2025-03-05,SKU-1000,Wireless Earbuds,Electronics,355,120,45,12,428,27.3,57194.05,No
2026-03-04,SKU-1001,USB-C Hub,Electronics,9,15,64,6,230,0.9,2010.69,Yes
2026-02-04,SKU-1001,USB-C Hub,Electronics,205,53,64,6,230,14.6,45799.05,No
2026-01-07,SKU-1001,USB-C Hub,Electronics,189,75,64,6,230,31.5,42224.49,No
2025-12-10,SKU-1001,USB-C Hub,Electronics,158,106,64,6,230,11.3,35298.78,No
2025-11-12,SKU-1001,USB-C Hub,Electronics,40,107,64,6,230,13.3,8936.4,Yes
2025-10-15,SKU-1001,USB-C Hub,Electronics,44,132,64,6,230,14.7,9830.04,Yes
2025-09-17,SKU-1001,USB-C Hub,Electronics,189,46,64,6,230,31.5,42224.49,No
2025-08-20,SKU-1001,USB-C Hub,Electronics,225,28,64,6,230,17.3,50267.25,No
2025-07-23,SKU-1001,USB-C Hub,Electronics,41,7,64,6,230,5.1,9159.81,Yes
2025-06-25,SKU-1001,USB-C Hub,Electronics,52,78,64,6,230,7.4,11617.32,Yes
2025-05-28,SKU-1001,USB-C Hub,Electronics,160,95,64,6,230,10.7,35745.6,No
2025-04-30,SKU-1001,USB-C Hub,Electronics,215,67,64,6,230,21.5,48033.15,No
2025-04-02,SKU-1001,USB-C Hub,Electronics,82,7,64,6,230,6.3,18319.62,No
2025-03-05,SKU-1001,USB-C Hub,Electronics,6,84,64,6,230,6.0,1340.46,Yes
2026-03-04,SKU-1002,Mechanical Keyboard,Electronics,481,8,35,27,865,40.1,73059.09,No
2026-02-04,SKU-1002,Mechanical Keyboard,Electronics,147,104,35,27,865,147.0,22327.83,No
2026-01-07,SKU-1002,Mechanical Keyboard,Electronics,552,96,35,27,865,42.5,83843.28,No
2025-12-10,SKU-1002,Mechanical Keyboard,Electronics,612,134,35,27,865,204.0,92956.68,No
2025-11-12,SKU-1002,Mechanical Keyboard,Electronics,161,25,35,27,865,161.0,24454.29,No
2025-10-15,SKU-1002,Mechanical Keyboard,Electronics,357,57,35,27,865,178.5,54224.73,No
2025-09-17,SKU-1002,Mechanical Keyboard,Electronics,429,16,35,27,865,214.5,65160.81,No
2025-08-20,SKU-1002,Mechanical Keyboard,Electronics,487,118,35,27,865,69.6,73970.43,No
2025-07-23,SKU-1002,Mechanical Keyboard,Electronics,549,112,35,27,865,183.0,83387.61,No
2025-06-25,SKU-1002,Mechanical Keyboard,Electronics,617,0,35,27,865,123.4,93716.13,No
2025-05-28,SKU-1002,Mechanical Keyboard,Electronics,487,120,35,27,865,32.5,73970.43,No
2025-04-30,SKU-1002,Mechanical Keyboard,Electronics,263,32,35,27,865,43.8,39947.07,No
2025-04-02,SKU-1002,Mechanical Keyboard,Electronics,672,138,35,27,865,112.0,102070.08,No
2025-03-05,SKU-1002,Mechanical Keyboard,Electronics,628,24,35,27,865,78.5,95386.92,No
2026-03-04,SKU-1003,Gaming Mouse,Electronics,504,146,30,27,632,126.0,74970.0,No
2026-02-04,SKU-1003,Gaming Mouse,Electronics,128,56,30,27,632,14.2,19040.0,No
2026-01-07,SKU-1003,Gaming Mouse,Electronics,132,36,30,27,632,33.0,19635.0,No
2025-12-10,SKU-1003,Gaming Mouse,Electronics,84,24,30,27,632,7.0,12495.0,No
2025-11-12,SKU-1003,Gaming Mouse,Electronics,413,72,30,27,632,27.5,61433.75,No
2025-10-15,SKU-1003,Gaming Mouse,Electronics,629,26,30,27,632,157.2,93563.75,No
2025-09-17,SKU-1003,Gaming Mouse,Electronics,231,64,30,27,632,77.0,34361.25,No
2025-08-20,SKU-1003,Gaming Mouse,Electronics,308,84,30,27,632,25.7,45815.0,No
2025-07-23,SKU-1003,Gaming Mouse,Electronics,473,133,30,27,632,52.6,70358.75,No
2025-06-25,SKU-1003,Gaming Mouse,Electronics,591,68,30,27,632,45.5,87911.25,No
2025-05-28,SKU-1003,Gaming Mouse,Electronics,134,83,30,27,632,19.1,19932.5,No
2025-04-30,SKU-1003,Gaming Mouse,Electronics,383,37,30,27,632,38.3,56971.25,No
2025-04-02,SKU-1003,Gaming Mouse,Electronics,35,98,30,27,632,3.2,5206.25,No
2025-03-05,SKU-1003,Gaming Mouse,Electronics,49,50,30,27,632,16.3,7288.75,No
2026-03-04,SKU-1004,Webcam,Electronics,14,36,23,7,589,1.3,3352.16,Yes
2026-02-04,SKU-1004,Webcam,Electronics,34,60,23,7,589,11.3,8140.96,No
2026-01-07,SKU-1004,Webcam,Electronics,406,82,23,7,589,406.0,97212.64,No
2025-12-10,SKU-1004,Webcam,Electronics,585,123,23,7,589,73.1,140072.4,No
2025-11-12,SKU-1004,Webcam,Electronics,352,48,23,7,589,32.0,84282.88,No
2025-10-15,SKU-1004,Webcam,Electronics,415,115,23,7,589,103.8,99367.6,No
2025-09-17,SKU-1004,Webcam,Electronics,464,67,23,7,589,51.6,111100.16,No
2025-08-20,SKU-1004,Webcam,Electronics,450,30,23,7,589,37.5,107748.0,No
2025-07-23,SKU-1004,Webcam,Electronics,286,131,23,7,589,19.1,68479.84,No
2025-06-25,SKU-1004,Webcam,Electronics,345,86,23,7,589,23.0,82606.8,No
2025-05-28,SKU-1004,Webcam,Electronics,190,65,23,7,589,31.7,45493.6,No
2025-04-30,SKU-1004,Webcam,Electronics,499,140,23,7,589,62.4,119480.56,No
2025-04-02,SKU-1004,Webcam,Electronics,98,87,23,7,589,7.5,23465.12,No
2025-03-05,SKU-1004,Webcam,Electronics,531,67,23,7,589,265.5,127142.64,No
2026-03-04,SKU-1005,Monitor Stand,Electronics,187,109,68,22,327,17.0,28481.97,No
2026-02-04,SKU-1005,Monitor Stand,Electronics,13,139,68,22,327,4.3,1980.03,Yes
2026-01-07,SKU-1005,Monitor Stand,Electronics,48,58,68,22,327,6.0,7310.88,Yes
2025-12-10,SKU-1005,Monitor Stand,Electronics,56,30,68,22,327,6.2,8529.36,Yes
2025-11-12,SKU-1005,Monitor Stand,Electronics,151,32,68,22,327,10.8,22998.81,No
2025-10-15,SKU-1005,Monitor Stand,Electronics,177,78,68,22,327,22.1,26958.87,No
2025-09-17,SKU-1005,Monitor Stand,Electronics,223,141,68,22,327,111.5,33965.13,No
2025-08-20,SKU-1005,Monitor Stand,Electronics,258,46,68,22,327,36.9,39295.98,No
2025-07-23,SKU-1005,Monitor Stand,Electronics,261,49,68,22,327,87.0,39752.91,No
2025-06-25,SKU-1005,Monitor Stand,Electronics,113,4,68,22,327,28.2,17211.03,No
2025-05-28,SKU-1005,Monitor Stand,Electronics,181,134,68,22,327,18.1,27568.11,No
2025-04-30,SKU-1005,Monitor Stand,Electronics,77,144,68,22,327,5.5,11727.87,No
2025-04-02,SKU-1005,Monitor Stand,Electronics,271,134,68,22,327,271.0,41276.01,No
2025-03-05,SKU-1005,Monitor Stand,Electronics,272,92,68,22,327,30.2,41428.32,No
2026-03-04,SKU-1006,LED Desk Lamp,Electronics,117,135,56,23,396,39.0,24328.98,No
2026-02-04,SKU-1006,LED Desk Lamp,Electronics,191,40,56,23,396,95.5,39716.54,No
2026-01-07,SKU-1006,LED Desk Lamp,Electronics,348,42,56,23,396,31.6,72363.12,No
2025-12-10,SKU-1006,LED Desk Lamp,Electronics,324,57,56,23,396,23.1,67372.56,No
2025-11-12,SKU-1006,LED Desk Lamp,Electronics,384,38,56,23,396,42.7,79848.96,No
2025-10-15,SKU-1006,LED Desk Lamp,Electronics,312,108,56,23,396,22.3,64877.28,No
2025-09-17,SKU-1006,LED Desk Lamp,Electronics,103,71,56,23,396,103.0,21417.82,No
2025-08-20,SKU-1006,LED Desk Lamp,Electronics,205,75,56,23,396,29.3,42627.7,No
2025-07-23,SKU-1006,LED Desk Lamp,Electronics,267,107,56,23,396,17.8,55519.98,No
2025-06-25,SKU-1006,LED Desk Lamp,Electronics,243,119,56,23,396,40.5,50529.42,No
2025-05-28,SKU-1006,LED Desk Lamp,Electronics,69,76,56,23,396,69.0,14347.86,No
2025-04-30,SKU-1006,LED Desk Lamp,Electronics,38,64,56,23,396,3.2,7901.72,Yes
2025-04-02,SKU-1006,LED Desk Lamp,Electronics,284,79,56,23,396,71.0,59054.96,No
2025-03-05,SKU-1006,LED Desk Lamp,Electronics,375,17,56,23,396,375.0,77977.5,No
2026-03-04,SKU-1007,Power Bank,Electronics,420,35,39,8,589,140.0,81501.0,No
2026-02-04,SKU-1007,Power Bank,Electronics,492,41,39,8,589,37.8,95472.6,No
2026-01-07,SKU-1007,Power Bank,Electronics,248,100,39,8,589,19.1,48124.4,No
2025-12-10,SKU-1007,Power Bank,Electronics,163,107,39,8,589,23.3,31630.15,No
2025-11-12,SKU-1007,Power Bank,Electronics,198,63,39,8,589,14.1,38421.9,No
2025-10-15,SKU-1007,Power Bank,Electronics,358,18,39,8,589,89.5,69469.9,No
2025-09-17,SKU-1007,Power Bank,Electronics,282,35,39,8,589,18.8,54722.1,No
2025-08-20,SKU-1007,Power Bank,Electronics,411,31,39,8,589,34.2,79754.55,No
2025-07-23,SKU-1007,Power Bank,Electronics,155,52,39,8,589,19.4,30077.75,No
2025-06-25,SKU-1007,Power Bank,Electronics,145,70,39,8,589,11.2,28137.25,No
2025-05-28,SKU-1007,Power Bank,Electronics,335,2,39,8,589,30.5,65006.75,No
2025-04-30,SKU-1007,Power Bank,Electronics,120,133,39,8,589,24.0,23286.0,No
2025-04-02,SKU-1007,Power Bank,Electronics,536,26,39,8,589,41.2,104010.8,No
2025-03-05,SKU-1007,Power Bank,Electronics,482,59,39,8,589,43.8,93532.1,No
2026-03-04,SKU-1008,Smart Speaker,Electronics,448,76,55,11,886,32.0,41856.64,No
2026-02-04,SKU-1008,Smart Speaker,Electronics,127,138,55,11,886,10.6,11865.61,No
2026-01-07,SKU-1008,Smart Speaker,Electronics,624,116,55,11,886,208.0,58300.32,No
2025-12-10,SKU-1008,Smart Speaker,Electronics,72,87,55,11,886,4.8,6726.96,No
2025-11-12,SKU-1008,Smart Speaker,Electronics,278,10,55,11,886,39.7,25973.54,No
2025-10-15,SKU-1008,Smart Speaker,Electronics,858,65,55,11,886,429.0,80162.94,No
2025-09-17,SKU-1008,Smart Speaker,Electronics,641,119,55,11,886,91.6,59888.63,No
2025-08-20,SKU-1008,Smart Speaker,Electronics,599,43,55,11,886,39.9,55964.57,No
2025-07-23,SKU-1008,Smart Speaker,Electronics,726,124,55,11,886,55.8,67830.18,No
2025-06-25,SKU-1008,Smart Speaker,Electronics,298,57,55,11,886,33.1,27842.14,No
2025-05-28,SKU-1008,Smart Speaker,Electronics,105,22,55,11,886,8.8,9810.15,No
2025-04-30,SKU-1008,Smart Speaker,Electronics,617,92,55,11,886,154.2,57646.31,No
2025-04-02,SKU-1008,Smart Speaker,Electronics,870,126,55,11,886,62.1,81284.1,No
2025-03-05,SKU-1008,Smart Speaker,Electronics,718,110,55,11,886,102.6,67082.74,No
2026-03-04,SKU-1009,Laptop Stand,Electronics,58,26,30,19,588,4.1,2649.44,No
2026-02-04,SKU-1009,Laptop Stand,Electronics,286,70,30,19,588,19.1,13064.48,No
2026-01-07,SKU-1009,Laptop Stand,Electronics,257,130,30,19,588,42.8,11739.76,No
2025-12-10,SKU-1009,Laptop Stand,Electronics,429,64,30,19,588,71.5,19596.72,No
2025-11-12,SKU-1009,Laptop Stand,Electronics,85,3,30,19,588,42.5,3882.8,No
2025-10-15,SKU-1009,Laptop Stand,Electronics,497,62,30,19,588,49.7,22702.96,No
2025-09-17,SKU-1009,Laptop Stand,Electronics,506,56,30,19,588,50.6,23114.08,No
2025-08-20,SKU-1009,Laptop Stand,Electronics,444,68,30,19,588,222.0,20281.92,No
2025-07-23,SKU-1009,Laptop Stand,Electronics,499,143,30,19,588,49.9,22794.32,No
2025-06-25,SKU-1009,Laptop Stand,Electronics,579,96,30,19,588,57.9,26448.72,No
2025-05-28,SKU-1009,Laptop Stand,Electronics,531,97,30,19,588,531.0,24256.08,No
2025-04-30,SKU-1009,Laptop Stand,Electronics,110,25,30,19,588,11.0,5024.8,No
2025-04-02,SKU-1009,Laptop Stand,Electronics,97,30,30,19,588,7.5,4430.96,No
2025-03-05,SKU-1009,Laptop Stand,Electronics,244,92,30,19,588,24.4,11145.92,No
2026-03-04,SKU-1010,Ballpoint Pens (Box),Office,431,100,39,6,523,35.9,35958.33,No
2026-02-04,SKU-1010,Ballpoint Pens (Box),Office,40,88,39,6,523,3.6,3337.2,No
2026-01-07,SKU-1010,Ballpoint Pens (Box),Office,450,117,39,6,523,45.0,37543.5,No
2025-12-10,SKU-1010,Ballpoint Pens (Box),Office,38,102,39,6,523,2.7,3170.34,Yes
2025-11-12,SKU-1010,Ballpoint Pens (Box),Office,442,6,39,6,523,110.5,36876.06,No
2025-10-15,SKU-1010,Ballpoint Pens (Box),Office,185,6,39,6,523,16.8,15434.55,No
2025-09-17,SKU-1010,Ballpoint Pens (Box),Office,336,25,39,6,523,67.2,28032.48,No
2025-08-20,SKU-1010,Ballpoint Pens (Box),Office,422,7,39,6,523,35.2,35207.46,No
2025-07-23,SKU-1010,Ballpoint Pens (Box),Office,467,64,39,6,523,77.8,38961.81,No
2025-06-25,SKU-1010,Ballpoint Pens (Box),Office,352,90,39,6,523,88.0,29367.36,No
2025-05-28,SKU-1010,Ballpoint Pens (Box),Office,283,114,39,6,523,21.8,23610.69,No
2025-04-30,SKU-1010,Ballpoint Pens (Box),Office,48,83,39,6,523,6.0,4004.64,No
2025-04-02,SKU-1010,Ballpoint Pens (Box),Office,269,41,39,6,523,67.2,22442.67,No
2025-03-05,SKU-1010,Ballpoint Pens (Box),Office,329,102,39,6,523,25.3,27448.47,No
2026-03-04,SKU-1011,A4 Paper (Ream),Office,356,44,50,11,871,25.4,81374.48,No
2026-02-04,SKU-1011,A4 Paper (Ream),Office,511,22,50,11,871,85.2,116804.38,No
2026-01-07,SKU-1011,A4 Paper (Ream),Office,360,137,50,11,871,30.0,82288.8,No
2025-12-10,SKU-1011,A4 Paper (Ream),Office,824,58,50,11,871,137.3,188349.92,No
2025-11-12,SKU-1011,A4 Paper (Ream),Office,848,78,50,11,871,424.0,193835.84,No
2025-10-15,SKU-1011,A4 Paper (Ream),Office,739,23,50,11,871,67.2,168920.62,No
2025-09-17,SKU-1011,A4 Paper (Ream),Office,415,80,50,11,871,41.5,94860.7,No
2025-08-20,SKU-1011,A4 Paper (Ream),Office,509,47,50,11,871,39.2,116347.22,No
2025-07-23,SKU-1011,A4 Paper (Ream),Office,391,51,50,11,871,78.2,89374.78,No
2025-06-25,SKU-1011,A4 Paper (Ream),Office,724,124,50,11,871,120.7,165491.92,No
2025-05-28,SKU-1011,A4 Paper (Ream),Office,345,112,50,11,871,23.0,78860.1,No
2025-04-30,SKU-1011,A4 Paper (Ream),Office,370,40,50,11,871,123.3,84574.6,No
2025-04-02,SKU-1011,A4 Paper (Ream),Office,330,4,50,11,871,165.0,75431.4,No
2025-03-05,SKU-1011,A4 Paper (Ream),Office,194,148,50,11,871,38.8,44344.52,No
2026-03-04,SKU-1012,Sticky Notes Pack,Office,259,143,43,9,452,51.8,41947.64,No
2026-02-04,SKU-1012,Sticky Notes Pack,Office,387,143,43,9,452,43.0,62678.52,No
2026-01-07,SKU-1012,Sticky Notes Pack,Office,91,101,43,9,452,9.1,14738.36,No
2025-12-10,SKU-1012,Sticky Notes Pack,Office,356,19,43,9,452,89.0,57657.76,No
2025-11-12,SKU-1012,Sticky Notes Pack,Office,47,23,43,9,452,3.9,7612.12,No
2025-10-15,SKU-1012,Sticky Notes Pack,Office,306,103,43,9,452,21.9,49559.76,No
2025-09-17,SKU-1012,Sticky Notes Pack,Office,134,37,43,9,452,11.2,21702.64,No
2025-08-20,SKU-1012,Sticky Notes Pack,Office,174,136,43,9,452,29.0,28181.04,No
2025-07-23,SKU-1012,Sticky Notes Pack,Office,203,34,43,9,452,13.5,32877.88,No
2025-06-25,SKU-1012,Sticky Notes Pack,Office,197,26,43,9,452,14.1,31906.12,No
2025-05-28,SKU-1012,Sticky Notes Pack,Office,376,75,43,9,452,37.6,60896.96,No
2025-04-30,SKU-1012,Sticky Notes Pack,Office,291,21,43,9,452,48.5,47130.36,No
2025-04-02,SKU-1012,Sticky Notes Pack,Office,115,113,43,9,452,8.2,18625.4,No
2025-03-05,SKU-1012,Sticky Notes Pack,Office,20,62,43,9,452,2.2,3239.2,Yes
2026-03-04,SKU-1013,Stapler,Office,79,70,61,16,424,79.0,11659.61,No
2026-02-04,SKU-1013,Stapler,Office,253,57,61,16,424,18.1,37340.27,No
2026-01-07,SKU-1013,Stapler,Office,355,56,61,16,424,88.8,52394.45,No
2025-12-10,SKU-1013,Stapler,Office,115,112,61,16,424,10.5,16972.85,No
2025-11-12,SKU-1013,Stapler,Office,415,55,61,16,424,138.3,61249.85,No
2025-10-15,SKU-1013,Stapler,Office,6,75,61,16,424,1.5,885.54,Yes
2025-09-17,SKU-1013,Stapler,Office,10,123,61,16,424,0.7,1475.9,Yes
2025-08-20,SKU-1013,Stapler,Office,224,106,61,16,424,24.9,33060.16,No
2025-07-23,SKU-1013,Stapler,Office,282,145,61,16,424,70.5,41620.38,No
2025-06-25,SKU-1013,Stapler,Office,211,47,61,16,424,15.1,31141.49,No
2025-05-28,SKU-1013,Stapler,Office,265,148,61,16,424,37.9,39111.35,No
2025-04-30,SKU-1013,Stapler,Office,321,147,61,16,424,21.4,47376.39,No
2025-04-02,SKU-1013,Stapler,Office,198,66,61,16,424,16.5,29222.82,No
2025-03-05,SKU-1013,Stapler,Office,407,93,61,16,424,31.3,60069.13,No
2026-03-04,SKU-1014,File Folders,Office,134,110,29,25,363,22.3,25431.86,No
2026-02-04,SKU-1014,File Folders,Office,186,60,29,25,363,31.0,35300.94,No
2026-01-07,SKU-1014,File Folders,Office,276,91,29,25,363,138.0,52382.04,No
2025-12-10,SKU-1014,File Folders,Office,354,34,29,25,363,59.0,67185.66,No
2025-11-12,SKU-1014,File Folders,Office,359,63,29,25,363,27.6,68134.61,No
2025-10-15,SKU-1014,File Folders,Office,275,148,29,25,363,91.7,52192.25,No
2025-09-17,SKU-1014,File Folders,Office,49,129,29,25,363,4.1,9299.71,No
2025-08-20,SKU-1014,File Folders,Office,243,137,29,25,363,40.5,46118.97,No
2025-07-23,SKU-1014,File Folders,Office,53,58,29,25,363,4.4,10058.87,No
2025-06-25,SKU-1014,File Folders,Office,178,141,29,25,363,12.7,33782.62,No
2025-05-28,SKU-1014,File Folders,Office,114,119,29,25,363,22.8,21636.06,No
2025-04-30,SKU-1014,File Folders,Office,294,13,29,25,363,36.8,55798.26,No
2025-04-02,SKU-1014,File Folders,Office,316,112,29,25,363,39.5,59973.64,No
2025-03-05,SKU-1014,File Folders,Office,302,111,29,25,363,151.0,57316.58,No
2026-03-04,SKU-1015,Whiteboard Markers,Office,175,5,77,13,766,19.4,26316.5,No
2026-02-04,SKU-1015,Whiteboard Markers,Office,459,143,77,13,766,41.7,69024.42,No
2026-01-07,SKU-1015,Whiteboard Markers,Office,58,88,77,13,766,7.2,8722.04,Yes
2025-12-10,SKU-1015,Whiteboard Markers,Office,723,37,77,13,766,361.5,108724.74,No
2025-11-12,SKU-1015,Whiteboard Markers,Office,698,90,77,13,766,349.0,104965.24,No
2025-10-15,SKU-1015,Whiteboard Markers,Office,736,70,77,13,766,73.6,110679.68,No
2025-09-17,SKU-1015,Whiteboard Markers,Office,258,7,77,13,766,21.5,38798.04,No
2025-08-20,SKU-1015,Whiteboard Markers,Office,612,125,77,13,766,87.4,92032.56,No
2025-07-23,SKU-1015,Whiteboard Markers,Office,721,34,77,13,766,103.0,108423.98,No
2025-06-25,SKU-1015,Whiteboard Markers,Office,220,115,77,13,766,44.0,33083.6,No
2025-05-28,SKU-1015,Whiteboard Markers,Office,551,77,77,13,766,91.8,82859.38,No
2025-04-30,SKU-1015,Whiteboard Markers,Office,238,145,77,13,766,18.3,35790.44,No
2025-04-02,SKU-1015,Whiteboard Markers,Office,520,104,77,13,766,173.3,78197.6,No
2025-03-05,SKU-1015,Whiteboard Markers,Office,552,150,77,13,766,92.0,83009.76,No
2026-03-04,SKU-1016,Desk Organizer,Office,441,1,53,8,500,44.1,59914.26,No
2026-02-04,SKU-1016,Desk Organizer,Office,27,91,53,8,500,2.7,3668.22,Yes
2026-01-07,SKU-1016,Desk Organizer,Office,61,18,53,8,500,6.1,8287.46,No
2025-12-10,SKU-1016,Desk Organizer,Office,32,135,53,8,500,4.6,4347.52,Yes
2025-11-12,SKU-1016,Desk Organizer,Office,373,41,53,8,500,31.1,50675.78,No
2025-10-15,SKU-1016,Desk Organizer,Office,99,63,53,8,500,9.9,13450.14,No
2025-09-17,SKU-1016,Desk Organizer,Office,396,45,53,8,500,28.3,53800.56,No
2025-08-20,SKU-1016,Desk Organizer,Office,92,7,53,8,500,8.4,12499.12,No
2025-07-23,SKU-1016,Desk Organizer,Office,475,126,53,8,500,39.6,64533.5,No
2025-06-25,SKU-1016,Desk Organizer,Office,61,84,53,8,500,30.5,8287.46,No
2025-05-28,SKU-1016,Desk Organizer,Office,48,103,53,8,500,4.8,6521.28,Yes
2025-04-30,SKU-1016,Desk Organizer,Office,358,99,53,8,500,27.5,48637.88,No
2025-04-02,SKU-1016,Desk Organizer,Office,208,97,53,8,500,17.3,28258.88,No
2025-03-05,SKU-1016,Desk Organizer,Office,242,35,53,8,500,17.3,32878.12,No
2026-03-04,SKU-1017,Printer Ink Cartridge,Office,175,46,74,29,382,87.5,41756.75,No
2026-02-04,SKU-1017,Printer Ink Cartridge,Office,159,90,74,29,382,53.0,37938.99,No
2026-01-07,SKU-1017,Printer Ink Cartridge,Office,362,110,74,29,382,24.1,86376.82,No
2025-12-10,SKU-1017,Printer Ink Cartridge,Office,129,127,74,29,382,64.5,30780.69,No
2025-11-12,SKU-1017,Printer Ink Cartridge,Office,94,66,74,29,382,13.4,22429.34,No
2025-10-15,SKU-1017,Printer Ink Cartridge,Office,102,58,74,29,382,17.0,24338.22,No
2025-09-17,SKU-1017,Printer Ink Cartridge,Office,331,20,74,29,382,55.2,78979.91,No
2025-08-20,SKU-1017,Printer Ink Cartridge,Office,231,24,74,29,382,25.7,55118.91,No
2025-07-23,SKU-1017,Printer Ink Cartridge,Office,131,5,74,29,382,8.7,31257.91,No
2025-06-25,SKU-1017,Printer Ink Cartridge,Office,310,15,74,29,382,34.4,73969.1,No
2025-05-28,SKU-1017,Printer Ink Cartridge,Office,30,95,74,29,382,15.0,7158.3,Yes
2025-04-30,SKU-1017,Printer Ink Cartridge,Office,86,0,74,29,382,9.6,20520.46,No
2025-04-02,SKU-1017,Printer Ink Cartridge,Office,6,1,74,29,382,1.0,1431.66,Yes
2025-03-05,SKU-1017,Printer Ink Cartridge,Office,196,78,74,29,382,196.0,46767.56,No
2026-03-04,SKU-1018,Scissors,Office,581,144,35,9,582,96.8,44771.86,No
2026-02-04,SKU-1018,Scissors,Office,71,44,35,9,582,17.8,5471.26,No
2026-01-07,SKU-1018,Scissors,Office,510,46,35,9,582,56.7,39300.6,No
2025-12-10,SKU-1018,Scissors,Office,223,88,35,9,582,111.5,17184.38,No
2025-11-12,SKU-1018,Scissors,Office,158,95,35,9,582,15.8,12175.48,No
2025-10-15,SKU-1018,Scissors,Office,181,112,35,9,582,15.1,13947.86,No
2025-09-17,SKU-1018,Scissors,Office,181,129,35,9,582,60.3,13947.86,No
2025-08-20,SKU-1018,Scissors,Office,455,7,35,9,582,45.5,35062.3,No
2025-07-23,SKU-1018,Scissors,Office,39,137,35,9,582,2.6,3005.34,No
2025-06-25,SKU-1018,Scissors,Office,123,79,35,9,582,8.2,9478.38,No
2025-05-28,SKU-1018,Scissors,Office,298,27,35,9,582,49.7,22963.88,No
2025-04-30,SKU-1018,Scissors,Office,184,132,35,9,582,61.3,14179.04,No
2025-04-02,SKU-1018,Scissors,Office,102,127,35,9,582,25.5,7860.12,No
2025-03-05,SKU-1018,Scissors,Office,158,86,35,9,582,19.8,12175.48,No
2026-03-04,SKU-1019,Tape Dispenser,Office,168,140,51,20,219,12.0,38786.16,No
2026-02-04,SKU-1019,Tape Dispenser,Office,99,114,51,20,219,49.5,22856.13,No
2026-01-07,SKU-1019,Tape Dispenser,Office,171,141,51,20,219,85.5,39478.77,No
2025-12-10,SKU-1019,Tape Dispenser,Office,86,63,51,20,219,14.3,19854.82,No
2025-11-12,SKU-1019,Tape Dispenser,Office,36,61,51,20,219,2.6,8311.32,Yes
2025-10-15,SKU-1019,Tape Dispenser,Office,125,48,51,20,219,9.6,28858.75,No
2025-09-17,SKU-1019,Tape Dispenser,Office,103,10,51,20,219,17.2,23779.61,No
2025-08-20,SKU-1019,Tape Dispenser,Office,15,122,51,20,219,1.2,3463.05,Yes
2025-07-23,SKU-1019,Tape Dispenser,Office,215,25,51,20,219,15.4,49637.05,No
2025-06-25,SKU-1019,Tape Dispenser,Office,133,23,51,20,219,12.1,30705.71,No
2025-05-28,SKU-1019,Tape Dispenser,Office,167,82,51,20,219,11.1,38555.29,No
2025-04-30,SKU-1019,Tape Dispenser,Office,134,144,51,20,219,13.4,30936.58,No
2025-04-02,SKU-1019,Tape Dispenser,Office,179,136,51,20,219,19.9,41325.73,No
2025-03-05,SKU-1019,Tape Dispenser,Office,100,139,51,20,219,9.1,23087.0,No
2026-03-04,SKU-1020,Men T-Shirt,Clothing,102,72,40,6,446,17.0,21267.0,No
2026-02-04,SKU-1020,Men T-Shirt,Clothing,69,114,40,6,446,5.3,14386.5,No
2026-01-07,SKU-1020,Men T-Shirt,Clothing,101,74,40,6,446,9.2,21058.5,No
2025-12-10,SKU-1020,Men T-Shirt,Clothing,218,103,40,6,446,31.1,45453.0,No
2025-11-12,SKU-1020,Men T-Shirt,Clothing,193,21,40,6,446,24.1,40240.5,No
2025-10-15,SKU-1020,Men T-Shirt,Clothing,12,125,40,6,446,6.0,2502.0,Yes
2025-09-17,SKU-1020,Men T-Shirt,Clothing,164,143,40,6,446,20.5,34194.0,No
2025-08-20,SKU-1020,Men T-Shirt,Clothing,312,99,40,6,446,62.4,65052.0,No
2025-07-23,SKU-1020,Men T-Shirt,Clothing,254,73,40,6,446,19.5,52959.0,No
2025-06-25,SKU-1020,Men T-Shirt,Clothing,350,14,40,6,446,38.9,72975.0,No
2025-05-28,SKU-1020,Men T-Shirt,Clothing,425,10,40,6,446,106.2,88612.5,No
2025-04-30,SKU-1020,Men T-Shirt,Clothing,45,78,40,6,446,3.0,9382.5,No
2025-04-02,SKU-1020,Men T-Shirt,Clothing,300,146,40,6,446,33.3,62550.0,No
2025-03-05,SKU-1020,Men T-Shirt,Clothing,88,80,40,6,446,7.3,18348.0,No
2026-03-04,SKU-1021,Women Jeans,Clothing,24,136,78,29,328,24.0,2958.96,Yes
2026-02-04,SKU-1021,Women Jeans,Clothing,24,77,78,29,328,3.4,2958.96,Yes
2026-01-07,SKU-1021,Women Jeans,Clothing,96,90,78,29,328,10.7,11835.84,No
2025-12-10,SKU-1021,Women Jeans,Clothing,26,111,78,29,328,2.2,3205.54,Yes
2025-11-12,SKU-1021,Women Jeans,Clothing,260,134,78,29,328,18.6,32055.4,No
2025-10-15,SKU-1021,Women Jeans,Clothing,91,130,78,29,328,15.2,11219.39,No
2025-09-17,SKU-1021,Women Jeans,Clothing,22,54,78,29,328,11.0,2712.38,Yes
2025-08-20,SKU-1021,Women Jeans,Clothing,234,47,78,29,328,15.6,28849.86,No
2025-07-23,SKU-1021,Women Jeans,Clothing,113,81,78,29,328,56.5,13931.77,No
2025-06-25,SKU-1021,Women Jeans,Clothing,104,126,78,29,328,26.0,12822.16,No
2025-05-28,SKU-1021,Women Jeans,Clothing,292,3,78,29,328,292.0,36000.68,No
2025-04-30,SKU-1021,Women Jeans,Clothing,195,52,78,29,328,13.0,24041.55,No
2025-04-02,SKU-1021,Women Jeans,Clothing,59,74,78,29,328,59.0,7274.11,Yes
2025-03-05,SKU-1021,Women Jeans,Clothing,123,84,78,29,328,41.0,15164.67,No
2026-03-04,SKU-1022,Hoodie,Clothing,399,58,64,11,752,66.5,17635.8,No
2026-02-04,SKU-1022,Hoodie,Clothing,411,11,64,11,752,137.0,18166.2,No
2026-01-07,SKU-1022,Hoodie,Clothing,145,63,64,11,752,14.5,6409.0,No
2025-12-10,SKU-1022,Hoodie,Clothing,684,66,64,11,752,45.6,30232.8,No
2025-11-12,SKU-1022,Hoodie,Clothing,432,146,64,11,752,36.0,19094.4,No
2025-10-15,SKU-1022,Hoodie,Clothing,641,79,64,11,752,160.2,28332.2,No
2025-09-17,SKU-1022,Hoodie,Clothing,669,69,64,11,752,95.6,29569.8,No
2025-08-20,SKU-1022,Hoodie,Clothing,706,2,64,11,752,100.9,31205.2,No
2025-07-23,SKU-1022,Hoodie,Clothing,423,96,64,11,752,84.6,18696.6,No
2025-06-25,SKU-1022,Hoodie,Clothing,194,124,64,11,752,38.8,8574.8,No
2025-05-28,SKU-1022,Hoodie,Clothing,614,2,64,11,752,55.8,27138.8,No
2025-04-30,SKU-1022,Hoodie,Clothing,709,101,64,11,752,709.0,31337.8,No
2025-04-02,SKU-1022,Hoodie,Clothing,712,114,64,11,752,237.3,31470.4,No
2025-03-05,SKU-1022,Hoodie,Clothing,678,57,64,11,752,339.0,29967.6,No
2026-03-04,SKU-1023,Running Shoes,Clothing,652,29,66,21,662,326.0,110227.12,No
2026-02-04,SKU-1023,Running Shoes,Clothing,162,125,66,21,662,81.0,27387.72,No
2026-01-07,SKU-1023,Running Shoes,Clothing,187,137,66,21,662,31.2,31614.22,No
2025-12-10,SKU-1023,Running Shoes,Clothing,171,65,66,21,662,15.5,28909.26,No
2025-11-12,SKU-1023,Running Shoes,Clothing,407,72,66,21,662,45.2,68807.42,No
2025-10-15,SKU-1023,Running Shoes,Clothing,293,72,66,21,662,20.9,49534.58,No
2025-09-17,SKU-1023,Running Shoes,Clothing,583,66,66,21,662,291.5,98561.98,No
2025-08-20,SKU-1023,Running Shoes,Clothing,122,101,66,21,662,8.7,20625.32,No
2025-07-23,SKU-1023,Running Shoes,Clothing,206,22,66,21,662,22.9,34826.36,No
2025-06-25,SKU-1023,Running Shoes,Clothing,509,51,66,21,662,169.7,86051.54,No
2025-05-28,SKU-1023,Running Shoes,Clothing,530,9,66,21,662,66.2,89601.8,No
2025-04-30,SKU-1023,Running Shoes,Clothing,490,27,66,21,662,245.0,82839.4,No
2025-04-02,SKU-1023,Running Shoes,Clothing,234,9,66,21,662,16.7,39560.04,No
2025-03-05,SKU-1023,Running Shoes,Clothing,397,47,66,21,662,198.5,67116.82,No
2026-03-04,SKU-1024,Baseball Cap,Clothing,780,17,80,12,802,195.0,67727.4,No
2026-02-04,SKU-1024,Baseball Cap,Clothing,446,94,80,12,802,55.8,38726.18,No
2026-01-07,SKU-1024,Baseball Cap,Clothing,756,36,80,12,802,94.5,65643.48,No
2025-12-10,SKU-1024,Baseball Cap,Clothing,611,10,80,12,802,55.5,53053.13,No
2025-11-12,SKU-1024,Baseball Cap,Clothing,515,48,80,12,802,39.6,44717.45,No
2025-10-15,SKU-1024,Baseball Cap,Clothing,215,81,80,12,802,215.0,18668.45,No
2025-09-17,SKU-1024,Baseball Cap,Clothing,582,3,80,12,802,194.0,50535.06,No
2025-08-20,SKU-1024,Baseball Cap,Clothing,349,64,80,12,802,23.3,30303.67,No
2025-07-23,SKU-1024,Baseball Cap,Clothing,179,89,80,12,802,22.4,15542.57,No
2025-06-25,SKU-1024,Baseball Cap,Clothing,205,14,80,12,802,29.3,17800.15,No
2025-05-28,SKU-1024,Baseball Cap,Clothing,389,39,80,12,802,77.8,33776.87,No
2025-04-30,SKU-1024,Baseball Cap,Clothing,517,16,80,12,802,129.2,44891.11,No
2025-04-02,SKU-1024,Baseball Cap,Clothing,188,49,80,12,802,31.3,16324.04,No
2025-03-05,SKU-1024,Baseball Cap,Clothing,673,112,80,12,802,673.0,58436.59,No
2026-03-04,SKU-1025,Socks (Pack-6),Clothing,451,17,18,6,538,32.2,71736.06,No
2026-02-04,SKU-1025,Socks (Pack-6),Clothing,251,135,18,6,538,50.2,39924.06,No
2026-01-07,SKU-1025,Socks (Pack-6),Clothing,164,36,18,6,538,18.2,26085.84,No
2025-12-10,SKU-1025,Socks (Pack-6),Clothing,325,14,18,6,538,162.5,51694.5,No
2025-11-12,SKU-1025,Socks (Pack-6),Clothing,66,104,18,6,538,7.3,10497.96,No
2025-10-15,SKU-1025,Socks (Pack-6),Clothing,17,43,18,6,538,1.4,2704.02,Yes
2025-09-17,SKU-1025,Socks (Pack-6),Clothing,329,94,18,6,538,329.0,52330.74,No
2025-08-20,SKU-1025,Socks (Pack-6),Clothing,146,26,18,6,538,13.3,23222.76,No
2025-07-23,SKU-1025,Socks (Pack-6),Clothing,239,1,18,6,538,34.1,38015.34,No
2025-06-25,SKU-1025,Socks (Pack-6),Clothing,3,144,18,6,538,3.0,477.18,Yes
2025-05-28,SKU-1025,Socks (Pack-6),Clothing,396,145,18,6,538,198.0,62987.76,No
2025-04-30,SKU-1025,Socks (Pack-6),Clothing,229,9,18,6,538,22.9,36424.74,No
2025-04-02,SKU-1025,Socks (Pack-6),Clothing,75,5,18,6,538,6.8,11929.5,No
2025-03-05,SKU-1025,Socks (Pack-6),Clothing,487,146,18,6,538,44.3,77462.22,No
2026-03-04,SKU-1026,Polo Shirt,Clothing,395,72,79,9,940,35.9,66518.0,No
2026-02-04,SKU-1026,Polo Shirt,Clothing,630,99,79,9,940,78.8,106092.0,No
2026-01-07,SKU-1026,Polo Shirt,Clothing,932,60,79,9,940,84.7,156948.8,No
2025-12-10,SKU-1026,Polo Shirt,Clothing,502,64,79,9,940,83.7,84536.8,No
2025-11-12,SKU-1026,Polo Shirt,Clothing,651,116,79,9,940,81.4,109628.4,No
2025-10-15,SKU-1026,Polo Shirt,Clothing,920,39,79,9,940,115.0,154928.0,No
2025-09-17,SKU-1026,Polo Shirt,Clothing,549,92,79,9,940,137.2,92451.6,No
2025-08-20,SKU-1026,Polo Shirt,Clothing,147,73,79,9,940,13.4,24754.8,No
2025-07-23,SKU-1026,Polo Shirt,Clothing,748,44,79,9,940,106.9,125963.2,No
2025-06-25,SKU-1026,Polo Shirt,Clothing,263,41,79,9,940,43.8,44289.2,No
2025-05-28,SKU-1026,Polo Shirt,Clothing,757,5,79,9,940,108.1,127478.8,No
2025-04-30,SKU-1026,Polo Shirt,Clothing,824,76,79,9,940,274.7,138761.6,No
2025-04-02,SKU-1026,Polo Shirt,Clothing,43,117,79,9,940,6.1,7241.2,Yes
2025-03-05,SKU-1026,Polo Shirt,Clothing,727,138,79,9,940,51.9,122426.8,No
2026-03-04,SKU-1027,Winter Jacket,Clothing,116,102,34,8,299,38.7,22840.4,No
2026-02-04,SKU-1027,Winter Jacket,Clothing,180,53,34,8,299,25.7,35442.0,No
2026-01-07,SKU-1027,Winter Jacket,Clothing,215,106,34,8,299,26.9,42333.5,No
2025-12-10,SKU-1027,Winter Jacket,Clothing,231,113,34,8,299,33.0,45483.9,No
2025-11-12,SKU-1027,Winter Jacket,Clothing,237,93,34,8,299,39.5,46665.3,No
2025-10-15,SKU-1027,Winter Jacket,Clothing,166,102,34,8,299,55.3,32685.4,No
2025-09-17,SKU-1027,Winter Jacket,Clothing,271,52,34,8,299,67.8,53359.9,No
2025-08-20,SKU-1027,Winter Jacket,Clothing,111,48,34,8,299,11.1,21855.9,No
2025-07-23,SKU-1027,Winter Jacket,Clothing,99,93,34,8,299,6.6,19493.1,No
2025-06-25,SKU-1027,Winter Jacket,Clothing,237,140,34,8,299,16.9,46665.3,No
2025-05-28,SKU-1027,Winter Jacket,Clothing,209,95,34,8,299,19.0,41152.1,No
2025-04-30,SKU-1027,Winter Jacket,Clothing,157,54,34,8,299,22.4,30913.3,No
2025-04-02,SKU-1027,Winter Jacket,Clothing,72,120,34,8,299,36.0,14176.8,No
2025-03-05,SKU-1027,Winter Jacket,Clothing,277,115,34,8,299,55.4,54541.3,No
2026-03-04,SKU-1028,Denim Shorts,Clothing,422,13,22,6,612,105.5,50057.64,No
2026-02-04,SKU-1028,Denim Shorts,Clothing,222,86,22,6,612,24.7,26333.64,No
2026-01-07,SKU-1028,Denim Shorts,Clothing,160,98,22,6,612,10.7,18979.2,No
2025-12-10,SKU-1028,Denim Shorts,Clothing,529,110,22,6,612,176.3,62749.98,No
2025-11-12,SKU-1028,Denim Shorts,Clothing,453,6,22,6,612,37.8,53734.86,No
2025-10-15,SKU-1028,Denim Shorts,Clothing,211,98,22,6,612,21.1,25028.82,No
2025-09-17,SKU-1028,Denim Shorts,Clothing,176,69,22,6,612,14.7,20877.12,No
2025-08-20,SKU-1028,Denim Shorts,Clothing,576,39,22,6,612,52.4,68325.12,No
2025-07-23,SKU-1028,Denim Shorts,Clothing,411,147,22,6,612,31.6,48752.82,No
2025-06-25,SKU-1028,Denim Shorts,Clothing,202,38,22,6,612,28.9,23961.24,No
2025-05-28,SKU-1028,Denim Shorts,Clothing,324,119,22,6,612,81.0,38432.88,No
2025-04-30,SKU-1028,Denim Shorts,Clothing,133,124,22,6,612,22.2,15776.46,No
2025-04-02,SKU-1028,Denim Shorts,Clothing,543,9,22,6,612,49.4,64410.66,No
2025-03-05,SKU-1028,Denim Shorts,Clothing,99,16,22,6,612,49.5,11743.38,No
2026-03-04,SKU-1029,Sport Leggings,Clothing,10,2,27,18,387,0.7,503.8,Yes
2026-02-04,SKU-1029,Sport Leggings,Clothing,27,84,27,18,387,1.9,1360.26,Yes
2026-01-07,SKU-1029,Sport Leggings,Clothing,46,80,27,18,387,3.1,2317.48,No
2025-12-10,SKU-1029,Sport Leggings,Clothing,182,51,27,18,387,15.2,9169.16,No
2025-11-12,SKU-1029,Sport Leggings,Clothing,77,54,27,18,387,15.4,3879.26,No
2025-10-15,SKU-1029,Sport Leggings,Clothing,33,92,27,18,387,3.3,1662.54,No
2025-09-17,SKU-1029,Sport Leggings,Clothing,161,149,27,18,387,10.7,8111.18,No
2025-08-20,SKU-1029,Sport Leggings,Clothing,228,121,27,18,387,38.0,11486.64,No
2025-07-23,SKU-1029,Sport Leggings,Clothing,360,44,27,18,387,72.0,18136.8,No
2025-06-25,SKU-1029,Sport Leggings,Clothing,155,25,27,18,387,11.9,7808.9,No
2025-05-28,SKU-1029,Sport Leggings,Clothing,287,40,27,18,387,19.1,14459.06,No
2025-04-30,SKU-1029,Sport Leggings,Clothing,77,41,27,18,387,11.0,3879.26,No
2025-04-02,SKU-1029,Sport Leggings,Clothing,60,136,27,18,387,4.0,3022.8,No
2025-03-05,SKU-1029,Sport Leggings,Clothing,316,104,27,18,387,105.3,15920.08,No
2026-03-04,SKU-1030,Coffee Maker,Home & Kitchen,143,141,80,8,251,13.0,33044.44,No
2026-02-04,SKU-1030,Coffee Maker,Home & Kitchen,120,71,80,8,251,10.0,27729.6,No
2026-01-07,SKU-1030,Coffee Maker,Home & Kitchen,217,63,80,8,251,108.5,50144.36,No
2025-12-10,SKU-1030,Coffee Maker,Home & Kitchen,169,37,80,8,251,11.3,39052.52,No
2025-11-12,SKU-1030,Coffee Maker,Home & Kitchen,113,24,80,8,251,8.7,26112.04,No
2025-10-15,SKU-1030,Coffee Maker,Home & Kitchen,10,34,80,8,251,0.7,2310.8,Yes
2025-09-17,SKU-1030,Coffee Maker,Home & Kitchen,97,121,80,8,251,13.9,22414.76,No
2025-08-20,SKU-1030,Coffee Maker,Home & Kitchen,122,43,80,8,251,9.4,28191.76,No
2025-07-23,SKU-1030,Coffee Maker,Home & Kitchen,5,150,80,8,251,0.4,1155.4,Yes
2025-06-25,SKU-1030,Coffee Maker,Home & Kitchen,209,92,80,8,251,13.9,48295.72,No
2025-05-28,SKU-1030,Coffee Maker,Home & Kitchen,112,149,80,8,251,11.2,25880.96,No
2025-04-30,SKU-1030,Coffee Maker,Home & Kitchen,46,114,80,8,251,3.1,10629.68,Yes
2025-04-02,SKU-1030,Coffee Maker,Home & Kitchen,5,125,80,8,251,0.5,1155.4,Yes
2025-03-05,SKU-1030,Coffee Maker,Home & Kitchen,145,88,80,8,251,9.7,33506.6,No
2026-03-04,SKU-1031,Blender,Home & Kitchen,347,21,31,18,697,23.1,80448.48,No
2026-02-04,SKU-1031,Blender,Home & Kitchen,378,17,31,18,697,126.0,87635.52,No
2026-01-07,SKU-1031,Blender,Home & Kitchen,138,76,31,18,697,12.5,31993.92,No
2025-12-10,SKU-1031,Blender,Home & Kitchen,403,38,31,18,697,201.5,93431.52,No
2025-11-12,SKU-1031,Blender,Home & Kitchen,684,50,31,18,697,62.2,158578.56,No
2025-10-15,SKU-1031,Blender,Home & Kitchen,328,74,31,18,697,27.3,76043.52,No
2025-09-17,SKU-1031,Blender,Home & Kitchen,85,90,31,18,697,8.5,19706.4,No
2025-08-20,SKU-1031,Blender,Home & Kitchen,506,4,31,18,697,50.6,117311.04,No
2025-07-23,SKU-1031,Blender,Home & Kitchen,604,106,31,18,697,201.3,140031.36,No
2025-06-25,SKU-1031,Blender,Home & Kitchen,373,64,31,18,697,93.2,86476.32,No
2025-05-28,SKU-1031,Blender,Home & Kitchen,525,71,31,18,697,58.3,121716.0,No
2025-04-30,SKU-1031,Blender,Home & Kitchen,24,125,31,18,697,4.0,5564.16,Yes
2025-04-02,SKU-1031,Blender,Home & Kitchen,170,13,31,18,697,15.5,39412.8,No
2025-03-05,SKU-1031,Blender,Home & Kitchen,244,78,31,18,697,48.8,56568.96,No
2026-03-04,SKU-1032,Non-stick Pan,Home & Kitchen,459,110,58,5,599,76.5,103706.46,No
2026-02-04,SKU-1032,Non-stick Pan,Home & Kitchen,41,69,58,5,599,3.4,9263.54,Yes
2026-01-07,SKU-1032,Non-stick Pan,Home & Kitchen,469,20,58,5,599,78.2,105965.86,No
2025-12-10,SKU-1032,Non-stick Pan,Home & Kitchen,564,8,58,5,599,188.0,127430.16,No
2025-11-12,SKU-1032,Non-stick Pan,Home & Kitchen,10,146,58,5,599,10.0,2259.4,Yes
2025-10-15,SKU-1032,Non-stick Pan,Home & Kitchen,309,97,58,5,599,77.2,69815.46,No
2025-09-17,SKU-1032,Non-stick Pan,Home & Kitchen,481,97,58,5,599,68.7,108677.14,No
2025-08-20,SKU-1032,Non-stick Pan,Home & Kitchen,36,69,58,5,599,3.0,8133.84,Yes
2025-07-23,SKU-1032,Non-stick Pan,Home & Kitchen,384,85,58,5,599,64.0,86760.96,No
2025-06-25,SKU-1032,Non-stick Pan,Home & Kitchen,524,108,58,5,599,74.9,118392.56,No
2025-05-28,SKU-1032,Non-stick Pan,Home & Kitchen,350,33,58,5,599,58.3,79079.0,No
2025-04-30,SKU-1032,Non-stick Pan,Home & Kitchen,267,141,58,5,599,66.8,60325.98,No
2025-04-02,SKU-1032,Non-stick Pan,Home & Kitchen,500,72,58,5,599,100.0,112970.0,No
2025-03-05,SKU-1032,Non-stick Pan,Home & Kitchen,85,115,58,5,599,5.7,19204.9,No
2026-03-04,SKU-1033,Cutting Board,Home & Kitchen,343,21,72,9,394,26.4,60093.6,No
2026-02-04,SKU-1033,Cutting Board,Home & Kitchen,341,81,72,9,394,24.4,59743.2,No
2026-01-07,SKU-1033,Cutting Board,Home & Kitchen,260,29,72,9,394,260.0,45552.0,No
2025-12-10,SKU-1033,Cutting Board,Home & Kitchen,65,27,72,9,394,16.2,11388.0,Yes
2025-11-12,SKU-1033,Cutting Board,Home & Kitchen,38,45,72,9,394,6.3,6657.6,Yes
2025-10-15,SKU-1033,Cutting Board,Home & Kitchen,33,39,72,9,394,3.3,5781.6,Yes
2025-09-17,SKU-1033,Cutting Board,Home & Kitchen,121,22,72,9,394,8.6,21199.2,No
2025-08-20,SKU-1033,Cutting Board,Home & Kitchen,38,2,72,9,394,3.2,6657.6,Yes
2025-07-23,SKU-1033,Cutting Board,Home & Kitchen,6,87,72,9,394,0.4,1051.2,Yes
2025-06-25,SKU-1033,Cutting Board,Home & Kitchen,316,18,72,9,394,105.3,55363.2,No
2025-05-28,SKU-1033,Cutting Board,Home & Kitchen,298,117,72,9,394,27.1,52209.6,No
2025-04-30,SKU-1033,Cutting Board,Home & Kitchen,169,27,72,9,394,16.9,29608.8,No
2025-04-02,SKU-1033,Cutting Board,Home & Kitchen,62,14,72,9,394,5.2,10862.4,Yes
2025-03-05,SKU-1033,Cutting Board,Home & Kitchen,71,51,72,9,394,4.7,12439.2,Yes
2026-03-04,SKU-1034,Kitchen Knife Set,Home & Kitchen,83,47,17,28,521,41.5,12139.58,No
2026-02-04,SKU-1034,Kitchen Knife Set,Home & Kitchen,93,0,17,28,521,13.3,13602.18,No
2026-01-07,SKU-1034,Kitchen Knife Set,Home & Kitchen,238,53,17,28,521,238.0,34809.88,No
2025-12-10,SKU-1034,Kitchen Knife Set,Home & Kitchen,81,99,17,28,521,13.5,11847.06,No
2025-11-12,SKU-1034,Kitchen Knife Set,Home & Kitchen,197,121,17,28,521,14.1,28813.22,No
2025-10-15,SKU-1034,Kitchen Knife Set,Home & Kitchen,202,126,17,28,521,20.2,29544.52,No
2025-09-17,SKU-1034,Kitchen Knife Set,Home & Kitchen,190,120,17,28,521,38.0,27789.4,No
2025-08-20,SKU-1034,Kitchen Knife Set,Home & Kitchen,62,113,17,28,521,20.7,9068.12,No
2025-07-23,SKU-1034,Kitchen Knife Set,Home & Kitchen,519,1,17,28,521,259.5,75908.94,No
2025-06-25,SKU-1034,Kitchen Knife Set,Home & Kitchen,180,50,17,28,521,36.0,26326.8,No
2025-05-28,SKU-1034,Kitchen Knife Set,Home & Kitchen,147,138,17,28,521,14.7,21500.22,No
2025-04-30,SKU-1034,Kitchen Knife Set,Home & Kitchen,193,31,17,28,521,16.1,28228.18,No
2025-04-02,SKU-1034,Kitchen Knife Set,Home & Kitchen,77,48,17,28,521,25.7,11262.02,No
2025-03-05,SKU-1034,Kitchen Knife Set,Home & Kitchen,329,58,17,28,521,109.7,48119.54,No
2026-03-04,SKU-1035,Food Storage Containers,Home & Kitchen,404,75,30,6,720,40.4,51489.8,No
2026-02-04,SKU-1035,Food Storage Containers,Home & Kitchen,422,129,30,6,720,38.4,53783.9,No
2026-01-07,SKU-1035,Food Storage Containers,Home & Kitchen,292,55,30,6,720,41.7,37215.4,No
2025-12-10,SKU-1035,Food Storage Containers,Home & Kitchen,256,88,30,6,720,21.3,32627.2,No
2025-11-12,SKU-1035,Food Storage Containers,Home & Kitchen,246,135,30,6,720,246.0,31352.7,No
2025-10-15,SKU-1035,Food Storage Containers,Home & Kitchen,670,64,30,6,720,134.0,85391.5,No
2025-09-17,SKU-1035,Food Storage Containers,Home & Kitchen,165,16,30,6,720,165.0,21029.25,No
2025-08-20,SKU-1035,Food Storage Containers,Home & Kitchen,64,126,30,6,720,10.7,8156.8,No
2025-07-23,SKU-1035,Food Storage Containers,Home & Kitchen,61,110,30,6,720,30.5,7774.45,No
2025-06-25,SKU-1035,Food Storage Containers,Home & Kitchen,690,114,30,6,720,690.0,87940.5,No
2025-05-28,SKU-1035,Food Storage Containers,Home & Kitchen,690,22,30,6,720,115.0,87940.5,No
2025-04-30,SKU-1035,Food Storage Containers,Home & Kitchen,602,92,30,6,720,50.2,76724.9,No
2025-04-02,SKU-1035,Food Storage Containers,Home & Kitchen,697,16,30,6,720,69.7,88832.65,No
2025-03-05,SKU-1035,Food Storage Containers,Home & Kitchen,268,81,30,6,720,33.5,34156.6,No
2026-03-04,SKU-1036,Electric Kettle,Home & Kitchen,366,122,61,8,783,61.0,7411.5,No
2026-02-04,SKU-1036,Electric Kettle,Home & Kitchen,511,76,61,8,783,39.3,10347.75,No
2026-01-07,SKU-1036,Electric Kettle,Home & Kitchen,500,80,61,8,783,55.6,10125.0,No
2025-12-10,SKU-1036,Electric Kettle,Home & Kitchen,762,48,61,8,783,190.5,15430.5,No
2025-11-12,SKU-1036,Electric Kettle,Home & Kitchen,601,43,61,8,783,601.0,12170.25,No
2025-10-15,SKU-1036,Electric Kettle,Home & Kitchen,707,90,61,8,783,101.0,14316.75,No
2025-09-17,SKU-1036,Electric Kettle,Home & Kitchen,476,118,61,8,783,79.3,9639.0,No
2025-08-20,SKU-1036,Electric Kettle,Home & Kitchen,412,118,61,8,783,29.4,8343.0,No
2025-07-23,SKU-1036,Electric Kettle,Home & Kitchen,475,115,61,8,783,158.3,9618.75,No
2025-06-25,SKU-1036,Electric Kettle,Home & Kitchen,145,98,61,8,783,20.7,2936.25,No
2025-05-28,SKU-1036,Electric Kettle,Home & Kitchen,25,35,61,8,783,1.9,506.25,Yes
2025-04-30,SKU-1036,Electric Kettle,Home & Kitchen,324,97,61,8,783,23.1,6561.0,No
2025-04-02,SKU-1036,Electric Kettle,Home & Kitchen,647,38,61,8,783,92.4,13101.75,No
2025-03-05,SKU-1036,Electric Kettle,Home & Kitchen,374,3,61,8,783,53.4,7573.5,No
2026-03-04,SKU-1037,Air Fryer,Home & Kitchen,405,44,76,15,467,135.0,63248.85,No
2026-02-04,SKU-1037,Air Fryer,Home & Kitchen,303,47,76,15,467,75.8,47319.51,No
2026-01-07,SKU-1037,Air Fryer,Home & Kitchen,48,4,76,15,467,6.9,7496.16,Yes
2025-12-10,SKU-1037,Air Fryer,Home & Kitchen,241,38,76,15,467,48.2,37636.97,No
2025-11-12,SKU-1037,Air Fryer,Home & Kitchen,172,50,76,15,467,172.0,26861.24,No
2025-10-15,SKU-1037,Air Fryer,Home & Kitchen,254,100,76,15,467,84.7,39667.18,No
2025-09-17,SKU-1037,Air Fryer,Home & Kitchen,155,140,76,15,467,31.0,24206.35,No
2025-08-20,SKU-1037,Air Fryer,Home & Kitchen,116,48,76,15,467,14.5,18115.72,No
2025-07-23,SKU-1037,Air Fryer,Home & Kitchen,310,127,76,15,467,44.3,48412.7,No
2025-06-25,SKU-1037,Air Fryer,Home & Kitchen,222,40,76,15,467,27.8,34669.74,No
2025-05-28,SKU-1037,Air Fryer,Home & Kitchen,340,15,76,15,467,56.7,53097.8,No
2025-04-30,SKU-1037,Air Fryer,Home & Kitchen,54,17,76,15,467,9.0,8433.18,Yes
2025-04-02,SKU-1037,Air Fryer,Home & Kitchen,361,122,76,15,467,36.1,56377.37,No
2025-03-05,SKU-1037,Air Fryer,Home & Kitchen,148,36,76,15,467,37.0,23113.16,No
2026-03-04,SKU-1038,Mixing Bowls Set,Home & Kitchen,531,126,68,15,969,40.8,53662.86,No
2026-02-04,SKU-1038,Mixing Bowls Set,Home & Kitchen,221,106,68,15,969,27.6,22334.26,No
2026-01-07,SKU-1038,Mixing Bowls Set,Home & Kitchen,13,78,68,15,969,1.2,1313.78,Yes
2025-12-10,SKU-1038,Mixing Bowls Set,Home & Kitchen,162,86,68,15,969,14.7,16371.72,No
2025-11-12,SKU-1038,Mixing Bowls Set,Home & Kitchen,318,109,68,15,969,31.8,32137.08,No
2025-10-15,SKU-1038,Mixing Bowls Set,Home & Kitchen,124,33,68,15,969,13.8,12531.44,No
2025-09-17,SKU-1038,Mixing Bowls Set,Home & Kitchen,288,87,68,15,969,24.0,29105.28,No
2025-08-20,SKU-1038,Mixing Bowls Set,Home & Kitchen,382,32,68,15,969,63.7,38604.92,No
2025-07-23,SKU-1038,Mixing Bowls Set,Home & Kitchen,578,121,68,15,969,289.0,58412.68,No
2025-06-25,SKU-1038,Mixing Bowls Set,Home & Kitchen,18,114,68,15,969,3.0,1819.08,Yes
2025-05-28,SKU-1038,Mixing Bowls Set,Home & Kitchen,427,63,68,15,969,106.8,43152.62,No
2025-04-30,SKU-1038,Mixing Bowls Set,Home & Kitchen,967,83,68,15,969,80.6,97725.02,No
2025-04-02,SKU-1038,Mixing Bowls Set,Home & Kitchen,239,80,68,15,969,21.7,24153.34,No
2025-03-05,SKU-1038,Mixing Bowls Set,Home & Kitchen,937,121,68,15,969,72.1,94693.22,No
2026-03-04,SKU-1039,Dish Rack,Home & Kitchen,143,142,19,22,418,23.8,35694.23,No
2026-02-04,SKU-1039,Dish Rack,Home & Kitchen,295,84,19,22,418,24.6,73634.95,No
2026-01-07,SKU-1039,Dish Rack,Home & Kitchen,99,32,19,22,418,16.5,24711.39,No
2025-12-10,SKU-1039,Dish Rack,Home & Kitchen,400,146,19,22,418,26.7,99844.0,No
2025-11-12,SKU-1039,Dish Rack,Home & Kitchen,117,60,19,22,418,8.4,29204.37,No
2025-10-15,SKU-1039,Dish Rack,Home & Kitchen,127,125,19,22,418,12.7,31700.47,No
2025-09-17,SKU-1039,Dish Rack,Home & Kitchen,240,4,19,22,418,40.0,59906.4,No
2025-08-20,SKU-1039,Dish Rack,Home & Kitchen,261,24,19,22,418,37.3,65148.21,No
2025-07-23,SKU-1039,Dish Rack,Home & Kitchen,384,37,19,22,418,38.4,95850.24,No
2025-06-25,SKU-1039,Dish Rack,Home & Kitchen,164,20,19,22,418,18.2,40936.04,No
2025-05-28,SKU-1039,Dish Rack,Home & Kitchen,251,118,19,22,418,25.1,62652.11,No
2025-04-30,SKU-1039,Dish Rack,Home & Kitchen,372,68,19,22,418,186.0,92854.92,No
2025-04-02,SKU-1039,Dish Rack,Home & Kitchen,230,99,19,22,418,17.7,57410.3,No
2025-03-05,SKU-1039,Dish Rack,Home & Kitchen,98,70,19,22,418,8.2,24461.78,No
2026-03-04,SKU-1040,Face Moisturizer,Beauty,73,93,41,16,491,5.2,6535.69,No
2026-02-04,SKU-1040,Face Moisturizer,Beauty,398,15,41,16,491,49.8,35632.94,No
2026-01-07,SKU-1040,Face Moisturizer,Beauty,126,57,41,16,491,11.5,11280.78,No
2025-12-10,SKU-1040,Face Moisturizer,Beauty,1,83,41,16,491,0.2,89.53,Yes
2025-11-12,SKU-1040,Face Moisturizer,Beauty,422,123,41,16,491,46.9,37781.66,No
2025-10-15,SKU-1040,Face Moisturizer,Beauty,74,69,41,16,491,12.3,6625.22,No
2025-09-17,SKU-1040,Face Moisturizer,Beauty,248,80,41,16,491,24.8,22203.44,No
2025-08-20,SKU-1040,Face Moisturizer,Beauty,452,137,41,16,491,113.0,40467.56,No
2025-07-23,SKU-1040,Face Moisturizer,Beauty,421,48,41,16,491,28.1,37692.13,No
2025-06-25,SKU-1040,Face Moisturizer,Beauty,305,30,41,16,491,61.0,27306.65,No
2025-05-28,SKU-1040,Face Moisturizer,Beauty,375,15,41,16,491,31.2,33573.75,No
2025-04-30,SKU-1040,Face Moisturizer,Beauty,453,49,41,16,491,50.3,40557.09,No
2025-04-02,SKU-1040,Face Moisturizer,Beauty,409,129,41,16,491,81.8,36617.77,No
2025-03-05,SKU-1040,Face Moisturizer,Beauty,127,96,41,16,491,18.1,11370.31,No
2026-03-04,SKU-1041,Shampoo 500ml,Beauty,717,2,77,5,883,143.4,126851.64,No
2026-02-04,SKU-1041,Shampoo 500ml,Beauty,267,52,77,5,883,89.0,47237.64,No
2026-01-07,SKU-1041,Shampoo 500ml,Beauty,303,6,77,5,883,303.0,53606.76,No
2025-12-10,SKU-1041,Shampoo 500ml,Beauty,667,107,77,5,883,333.5,118005.64,No
2025-11-12,SKU-1041,Shampoo 500ml,Beauty,377,119,77,5,883,29.0,66698.84,No
2025-10-15,SKU-1041,Shampoo 500ml,Beauty,151,114,77,5,883,13.7,26714.92,No
2025-09-17,SKU-1041,Shampoo 500ml,Beauty,391,142,77,5,883,130.3,69175.72,No
2025-08-20,SKU-1041,Shampoo 500ml,Beauty,608,113,77,5,883,46.8,107567.36,No
2025-07-23,SKU-1041,Shampoo 500ml,Beauty,321,27,77,5,883,21.4,56791.32,No
2025-06-25,SKU-1041,Shampoo 500ml,Beauty,280,116,77,5,883,56.0,49537.6,No
2025-05-28,SKU-1041,Shampoo 500ml,Beauty,202,116,77,5,883,40.4,35737.84,No
2025-04-30,SKU-1041,Shampoo 500ml,Beauty,166,150,77,5,883,55.3,29368.72,No
2025-04-02,SKU-1041,Shampoo 500ml,Beauty,330,4,77,5,883,165.0,58383.6,No
2025-03-05,SKU-1041,Shampoo 500ml,Beauty,53,83,77,5,883,5.9,9376.76,Yes
2026-03-04,SKU-1042,Conditioner 500ml,Beauty,244,94,43,8,309,81.3,7083.32,No
2026-02-04,SKU-1042,Conditioner 500ml,Beauty,161,96,43,8,309,17.9,4673.83,No
2026-01-07,SKU-1042,Conditioner 500ml,Beauty,13,111,43,8,309,1.2,377.39,Yes
2025-12-10,SKU-1042,Conditioner 500ml,Beauty,165,101,43,8,309,55.0,4789.95,No
2025-11-12,SKU-1042,Conditioner 500ml,Beauty,167,8,43,8,309,15.2,4848.01,No
2025-10-15,SKU-1042,Conditioner 500ml,Beauty,144,82,43,8,309,14.4,4180.32,No
2025-09-17,SKU-1042,Conditioner 500ml,Beauty,291,10,43,8,309,19.4,8447.73,No
2025-08-20,SKU-1042,Conditioner 500ml,Beauty,261,14,43,8,309,21.8,7576.83,No
2025-07-23,SKU-1042,Conditioner 500ml,Beauty,67,127,43,8,309,33.5,1945.01,No
2025-06-25,SKU-1042,Conditioner 500ml,Beauty,34,35,43,8,309,11.3,987.02,Yes
2025-05-28,SKU-1042,Conditioner 500ml,Beauty,52,133,43,8,309,17.3,1509.56,No
2025-04-30,SKU-1042,Conditioner 500ml,Beauty,120,23,43,8,309,9.2,3483.6,No
2025-04-02,SKU-1042,Conditioner 500ml,Beauty,184,91,43,8,309,30.7,5341.52,No
2025-03-05,SKU-1042,Conditioner 500ml,Beauty,41,105,43,8,309,6.8,1190.23,Yes
2026-03-04,SKU-1043,Sunscreen SPF50,Beauty,768,17,36,26,849,96.0,117181.44,No
2026-02-04,SKU-1043,Sunscreen SPF50,Beauty,410,139,36,26,849,410.0,62557.8,No
2026-01-07,SKU-1043,Sunscreen SPF50,Beauty,537,106,36,26,849,48.8,81935.46,No
2025-12-10,SKU-1043,Sunscreen SPF50,Beauty,808,101,36,26,849,67.3,123284.64,No
2025-11-12,SKU-1043,Sunscreen SPF50,Beauty,158,140,36,26,849,11.3,24107.64,No
2025-10-15,SKU-1043,Sunscreen SPF50,Beauty,91,53,36,26,849,11.4,13884.78,No
2025-09-17,SKU-1043,Sunscreen SPF50,Beauty,162,29,36,26,849,12.5,24717.96,No
2025-08-20,SKU-1043,Sunscreen SPF50,Beauty,267,58,36,26,849,66.8,40738.86,No
2025-07-23,SKU-1043,Sunscreen SPF50,Beauty,57,142,36,26,849,57.0,8697.06,No
2025-06-25,SKU-1043,Sunscreen SPF50,Beauty,53,57,36,26,849,6.6,8086.74,No
2025-05-28,SKU-1043,Sunscreen SPF50,Beauty,43,10,36,26,849,10.8,6560.94,No
2025-04-30,SKU-1043,Sunscreen SPF50,Beauty,776,59,36,26,849,258.7,118402.08,No
2025-04-02,SKU-1043,Sunscreen SPF50,Beauty,140,128,36,26,849,23.3,21361.2,No
2025-03-05,SKU-1043,Sunscreen SPF50,Beauty,330,99,36,26,849,25.4,50351.4,No
2026-03-04,SKU-1044,Lip Balm,Beauty,405,4,21,25,633,45.0,91797.3,No
2026-02-04,SKU-1044,Lip Balm,Beauty,296,126,21,25,633,296.0,67091.36,No
2026-01-07,SKU-1044,Lip Balm,Beauty,424,140,21,25,633,212.0,96103.84,No
2025-12-10,SKU-1044,Lip Balm,Beauty,41,51,21,25,633,4.1,9293.06,No
2025-11-12,SKU-1044,Lip Balm,Beauty,36,53,21,25,633,9.0,8159.76,No
2025-10-15,SKU-1044,Lip Balm,Beauty,596,125,21,25,633,596.0,135089.36,No
2025-09-17,SKU-1044,Lip Balm,Beauty,357,20,21,25,633,35.7,80917.62,No
2025-08-20,SKU-1044,Lip Balm,Beauty,376,130,21,25,633,25.1,85224.16,No
2025-07-23,SKU-1044,Lip Balm,Beauty,168,101,21,25,633,42.0,38078.88,No
2025-06-25,SKU-1044,Lip Balm,Beauty,155,137,21,25,633,155.0,35132.3,No
2025-05-28,SKU-1044,Lip Balm,Beauty,288,68,21,25,633,32.0,65278.08,No
2025-04-30,SKU-1044,Lip Balm,Beauty,383,130,21,25,633,54.7,86810.78,No
2025-04-02,SKU-1044,Lip Balm,Beauty,163,51,21,25,633,12.5,36945.58,No
2025-03-05,SKU-1044,Lip Balm,Beauty,622,65,21,25,633,103.7,140982.52,No
2026-03-04,SKU-1045,Hand Cream,Beauty,200,83,30,28,652,13.3,38714.0,No
2026-02-04,SKU-1045,Hand Cream,Beauty,266,100,30,28,652,133.0,51489.62,No
2026-01-07,SKU-1045,Hand Cream,Beauty,292,115,30,28,652,292.0,56522.44,No
2025-12-10,SKU-1045,Hand Cream,Beauty,456,131,30,28,652,35.1,88267.92,No
2025-11-12,SKU-1045,Hand Cream,Beauty,415,52,30,28,652,138.3,80331.55,No
2025-10-15,SKU-1045,Hand Cream,Beauty,115,10,30,28,652,16.4,22260.55,No
2025-09-17,SKU-1045,Hand Cream,Beauty,109,52,30,28,652,27.2,21099.13,No
2025-08-20,SKU-1045,Hand Cream,Beauty,583,76,30,28,652,41.6,112851.31,No
2025-07-23,SKU-1045,Hand Cream,Beauty,219,77,30,28,652,36.5,42391.83,No
2025-06-25,SKU-1045,Hand Cream,Beauty,474,13,30,28,652,43.1,91752.18,No
2025-05-28,SKU-1045,Hand Cream,Beauty,641,58,30,28,652,64.1,124078.37,No
2025-04-30,SKU-1045,Hand Cream,Beauty,258,55,30,28,652,28.7,49941.06,No
2025-04-02,SKU-1045,Hand Cream,Beauty,24,79,30,28,652,24.0,4645.68,Yes
2025-03-05,SKU-1045,Hand Cream,Beauty,221,46,30,28,652,15.8,42778.97,No
2026-03-04,SKU-1046,Body Lotion,Beauty,341,52,79,6,578,42.6,10598.28,No
2026-02-04,SKU-1046,Body Lotion,Beauty,397,83,79,6,578,49.6,12338.76,No
2026-01-07,SKU-1046,Body Lotion,Beauty,400,42,79,6,578,26.7,12432.0,No
2025-12-10,SKU-1046,Body Lotion,Beauty,503,122,79,6,578,55.9,15633.24,No
2025-11-12,SKU-1046,Body Lotion,Beauty,292,63,79,6,578,146.0,9075.36,No
2025-10-15,SKU-1046,Body Lotion,Beauty,109,0,79,6,578,7.8,3387.72,No
2025-09-17,SKU-1046,Body Lotion,Beauty,31,12,79,6,578,2.2,963.48,Yes
2025-08-20,SKU-1046,Body Lotion,Beauty,11,70,79,6,578,0.7,341.88,Yes
2025-07-23,SKU-1046,Body Lotion,Beauty,0,77,79,6,578,0.0,0.0,Yes
2025-06-25,SKU-1046,Body Lotion,Beauty,390,145,79,6,578,130.0,12121.2,No
2025-05-28,SKU-1046,Body Lotion,Beauty,99,13,79,6,578,16.5,3076.92,No
2025-04-30,SKU-1046,Body Lotion,Beauty,220,48,79,6,578,31.4,6837.6,No
2025-04-02,SKU-1046,Body Lotion,Beauty,381,19,79,6,578,76.2,11841.48,No
2025-03-05,SKU-1046,Body Lotion,Beauty,427,5,79,6,578,85.4,13271.16,No
2026-03-04,SKU-1047,Eye Cream,Beauty,197,8,56,30,240,13.1,6877.27,No
2026-02-04,SKU-1047,Eye Cream,Beauty,30,77,56,30,240,10.0,1047.3,Yes
2026-01-07,SKU-1047,Eye Cream,Beauty,67,116,56,30,240,4.5,2338.97,No
2025-12-10,SKU-1047,Eye Cream,Beauty,238,52,56,30,240,119.0,8308.58,No
2025-11-12,SKU-1047,Eye Cream,Beauty,235,7,56,30,240,15.7,8203.85,No
2025-10-15,SKU-1047,Eye Cream,Beauty,238,121,56,30,240,79.3,8308.58,No
2025-09-17,SKU-1047,Eye Cream,Beauty,3,28,56,30,240,1.5,104.73,Yes
2025-08-20,SKU-1047,Eye Cream,Beauty,185,60,56,30,240,23.1,6458.35,No
2025-07-23,SKU-1047,Eye Cream,Beauty,222,148,56,30,240,18.5,7750.02,No
2025-06-25,SKU-1047,Eye Cream,Beauty,142,69,56,30,240,28.4,4957.22,No
2025-05-28,SKU-1047,Eye Cream,Beauty,5,144,56,30,240,0.6,174.55,Yes
2025-04-30,SKU-1047,Eye Cream,Beauty,16,39,56,30,240,4.0,558.56,Yes
2025-04-02,SKU-1047,Eye Cream,Beauty,16,101,56,30,240,1.5,558.56,Yes
2025-03-05,SKU-1047,Eye Cream,Beauty,96,7,56,30,240,96.0,3351.36,No
2026-03-04,SKU-1048,Toner,Beauty,509,110,62,24,967,36.4,85456.01,No
2026-02-04,SKU-1048,Toner,Beauty,476,105,62,24,967,158.7,79915.64,No
2026-01-07,SKU-1048,Toner,Beauty,13,147,62,24,967,0.9,2182.57,Yes
2025-12-10,SKU-1048,Toner,Beauty,45,16,62,24,967,3.5,7555.05,Yes
2025-11-12,SKU-1048,Toner,Beauty,897,71,62,24,967,74.8,150597.33,No
2025-10-15,SKU-1048,Toner,Beauty,288,122,62,24,967,72.0,48352.32,No
2025-09-17,SKU-1048,Toner,Beauty,821,68,62,24,967,821.0,137837.69,No
2025-08-20,SKU-1048,Toner,Beauty,687,69,62,24,967,49.1,115340.43,No
2025-07-23,SKU-1048,Toner,Beauty,192,60,62,24,967,16.0,32234.88,No
2025-06-25,SKU-1048,Toner,Beauty,458,0,62,24,967,41.6,76893.62,No
2025-05-28,SKU-1048,Toner,Beauty,45,144,62,24,967,3.2,7555.05,Yes
2025-04-30,SKU-1048,Toner,Beauty,877,111,62,24,967,97.4,147239.53,No
2025-04-02,SKU-1048,Toner,Beauty,719,125,62,24,967,55.3,120712.91,No
2025-03-05,SKU-1048,Toner,Beauty,237,12,62,24,967,47.4,39789.93,No
2026-03-04,SKU-1049,Serum 30ml,Beauty,186,22,62,5,383,18.6,45408.18,No
2026-02-04,SKU-1049,Serum 30ml,Beauty,188,116,62,5,383,13.4,45896.44,No
2026-01-07,SKU-1049,Serum 30ml,Beauty,241,139,62,5,383,80.3,58835.33,No
2025-12-10,SKU-1049,Serum 30ml,Beauty,191,95,62,5,383,15.9,46628.83,No
2025-11-12,SKU-1049,Serum 30ml,Beauty,282,138,62,5,383,94.0,68844.66,No
2025-10-15,SKU-1049,Serum 30ml,Beauty,164,88,62,5,383,23.4,40037.32,No
2025-09-17,SKU-1049,Serum 30ml,Beauty,89,148,62,5,383,12.7,21727.57,No
2025-08-20,SKU-1049,Serum 30ml,Beauty,190,119,62,5,383,31.7,46384.7,No
2025-07-23,SKU-1049,Serum 30ml,Beauty,149,37,62,5,383,10.6,36375.37,No
2025-06-25,SKU-1049,Serum 30ml,Beauty,344,126,62,5,383,31.3,83980.72,No
2025-05-28,SKU-1049,Serum 30ml,Beauty,277,104,62,5,383,46.2,67624.01,No
2025-04-30,SKU-1049,Serum 30ml,Beauty,221,22,62,5,383,22.1,53952.73,No
2025-04-02,SKU-1049,Serum 30ml,Beauty,129,35,62,5,383,21.5,31492.77,No
2025-03-05,SKU-1049,Serum 30ml,Beauty,183,119,62,5,383,22.9,44675.79,No
